character,Ant-Man,Avengers: Age of Ultron,Avengers: Endgame,Avengers: Infinity War,Black Panther,Captain America: Civil War,Captain America: The First Avenger,Captain America: The Winter Soldier,Captain Marvel,Guardians of the Galaxy Vol. 2,Iron Man,Iron Man 2,Iron Man 3,Spider-Man: Homecoming,The Avengers,Thor,Thor: Ragnarok,Thor: The Dark World,total lines,total words,movie appearances,avg words per line,avg lines per movie,UID
TONY STARK,0,173,137,119,0,165,0,0,0,0,252,335,358,74,152,0,0,0,1788,22590,9,12,198,3544d4dc-73b8-11ed-ba7b-84fdd1f90de3
STEVE ROGERS,3,133,119,25,0,154,186,218,3,0,0,0,0,7,121,0,0,0,977,8653,10,8,97,3544e24c-73b8-11ed-ba7b-84fdd1f90de3
THOR,0,55,70,74,0,0,0,0,0,0,0,0,0,0,47,166,289,133,863,9487,7,10,123,3544e332-73b8-11ed-ba7b-84fdd1f90de3
PETER PARKER,0,0,7,39,0,73,0,0,0,0,0,0,0,402,0,0,0,0,551,5517,4,10,137,3544e3d8-73b8-11ed-ba7b-84fdd1f90de3
NATASHA ROMANOFF,1,79,69,15,0,64,0,112,3,0,0,55,0,0,97,0,1,0,498,4689,10,9,49,3544e48e-73b8-11ed-ba7b-84fdd1f90de3
PEPPER POTTS,0,0,15,21,0,0,0,0,0,0,114,157,88,7,29,0,0,0,442,3492,7,7,63,3544e544-73b8-11ed-ba7b-84fdd1f90de3
BRUCE BANNER,0,83,93,45,0,0,0,0,2,0,0,0,7,0,84,0,62,0,379,3840,7,10,54,3544e5dd-73b8-11ed-ba7b-84fdd1f90de3
NICK FURY,0,26,0,7,0,0,5,68,120,0,0,28,0,0,109,0,0,0,366,4524,7,12,52,3544e689-73b8-11ed-ba7b-84fdd1f90de3
LOKI,0,0,1,6,0,0,0,0,0,0,0,0,0,0,68,91,74,76,327,4097,6,12,54,3544e74e-73b8-11ed-ba7b-84fdd1f90de3
SCOTT LANG,222,0,70,0,0,22,0,0,0,0,0,0,0,0,0,0,0,0,324,3236,3,9,108,3544e7ea-73b8-11ed-ba7b-84fdd1f90de3
JAMES RHODES,0,20,38,17,0,25,0,0,2,0,67,80,63,0,0,0,0,0,318,3486,8,10,39,3544e880-73b8-11ed-ba7b-84fdd1f90de3
PETER QUILL,0,0,8,79,0,0,0,0,0,183,0,0,0,0,0,0,0,0,276,2916,3,10,92,3544e922-73b8-11ed-ba7b-84fdd1f90de3
CAROL DANVERS,0,0,18,0,0,0,0,0,211,0,0,0,0,0,0,0,0,0,234,1954,2,8,117,3544e9b8-73b8-11ed-ba7b-84fdd1f90de3
JANE FOSTER,0,0,2,0,0,0,0,0,0,0,0,0,0,0,0,119,0,106,233,2114,3,9,77,3544ea4d-73b8-11ed-ba7b-84fdd1f90de3
ROCKET,0,0,51,46,0,0,0,0,0,120,0,0,0,0,0,0,0,0,217,2420,3,11,72,3544eaf0-73b8-11ed-ba7b-84fdd1f90de3
CLINT BARTON,0,69,44,0,0,27,0,0,0,0,0,0,0,0,43,1,0,0,185,1911,5,10,37,3544eb8e-73b8-11ed-ba7b-84fdd1f90de3
SAM WILSON,14,4,16,9,0,63,0,67,0,0,0,0,0,0,0,0,0,0,174,1522,6,8,29,3544ec52-73b8-11ed-ba7b-84fdd1f90de3
GAMORA,0,0,22,44,0,0,0,0,0,105,0,0,0,0,0,0,0,0,173,1552,3,8,57,3544ece9-73b8-11ed-ba7b-84fdd1f90de3
T'CHALLA,0,0,1,17,125,28,0,0,0,0,0,0,0,0,0,0,0,0,172,1896,4,11,43,3544ed7f-73b8-11ed-ba7b-84fdd1f90de3
HAPPY HOGAN,0,0,4,0,0,0,0,0,0,0,2,40,53,59,0,0,0,0,162,1248,5,7,32,3544ee2b-73b8-11ed-ba7b-84fdd1f90de3
HANK PYM,140,0,5,0,0,0,0,0,0,0,0,0,0,0,0,0,0,0,146,2081,2,14,73,3544eec0-73b8-11ed-ba7b-84fdd1f90de3
ODIN,0,0,0,0,0,0,0,0,0,0,0,0,0,0,0,47,25,62,136,2200,3,16,45,3544ef56-73b8-11ed-ba7b-84fdd1f90de3
JARVIS,0,24,0,0,0,0,0,0,0,0,34,20,44,0,13,0,0,0,135,1405,5,10,27,3544effd-73b8-11ed-ba7b-84fdd1f90de3
NED LEEDS,0,0,0,1,0,0,0,0,0,0,0,0,0,130,0,0,0,0,135,1171,2,8,67,3544f092-73b8-11ed-ba7b-84fdd1f90de3
ERIK SELVIG,0,6,0,0,0,0,0,0,0,0,0,0,0,0,19,69,0,29,123,1389,4,11,30,3544f126-73b8-11ed-ba7b-84fdd1f90de3
PHIL COULSON,0,0,0,0,0,0,0,0,13,0,18,12,0,0,42,26,0,0,111,1311,5,11,22,3544f1bc-73b8-11ed-ba7b-84fdd1f90de3
BUCKY BARNES,0,0,2,8,0,42,42,13,0,0,0,0,0,0,0,0,0,0,110,826,5,7,22,3544f252-73b8-11ed-ba7b-84fdd1f90de3
THANOS,0,1,36,70,0,0,0,0,0,0,0,0,0,0,0,0,0,0,109,1343,3,12,36,3544f2e6-73b8-11ed-ba7b-84fdd1f90de3
DRAX,0,0,1,28,0,0,0,0,0,79,0,0,0,0,0,0,0,0,109,921,3,8,36,3544f37b-73b8-11ed-ba7b-84fdd1f90de3
WANDA MAXIMOFF,0,36,4,30,0,35,0,0,0,0,0,0,0,0,0,0,0,0,105,660,4,6,26,3544f457-73b8-11ed-ba7b-84fdd1f90de3
DARCY LEWIS,0,0,0,0,0,0,0,0,0,0,0,0,0,0,0,39,0,53,99,795,2,8,49,3544f4f5-73b8-11ed-ba7b-84fdd1f90de3
ADRIAN TOOMES,0,0,0,0,0,0,0,0,0,0,0,0,0,95,0,0,0,0,95,1148,1,12,95,3544f589-73b8-11ed-ba7b-84fdd1f90de3
PEGGY CARTER,3,3,4,0,0,0,76,7,0,0,0,0,0,0,1,0,0,0,94,930,6,9,15,3544f627-73b8-11ed-ba7b-84fdd1f90de3
SHURI,0,0,0,6,87,0,0,0,0,0,0,0,0,0,0,0,0,0,93,896,2,9,46,3544f6bb-73b8-11ed-ba7b-84fdd1f90de3
HOPE VAN DYNE,90,0,2,0,0,0,0,0,0,0,0,0,0,0,0,0,0,0,92,1041,2,11,46,3544f750-73b8-11ed-ba7b-84fdd1f90de3
VALKYRIE,0,0,12,0,0,0,0,0,0,0,0,0,0,0,0,0,78,0,90,803,2,8,45,3544f7ed-73b8-11ed-ba7b-84fdd1f90de3
LUIS,82,0,0,0,0,0,0,0,0,0,0,0,0,0,0,0,0,0,86,1213,1,14,86,3544f8b2-73b8-11ed-ba7b-84fdd1f90de3
JUSTIN HAMMER,0,0,0,0,0,0,0,0,0,0,0,82,0,0,0,0,0,0,82,2281,1,27,82,3544f94c-73b8-11ed-ba7b-84fdd1f90de3
ULTRON,0,81,0,0,0,0,0,0,0,0,0,0,0,0,0,0,0,0,81,1205,1,14,81,3544fa53-73b8-11ed-ba7b-84fdd1f90de3
MARIA HILL,0,24,0,6,0,0,0,23,0,0,0,0,0,0,27,0,0,0,80,659,4,8,20,3544fafe-73b8-11ed-ba7b-84fdd1f90de3
NEBULA,0,0,31,8,0,0,0,0,0,36,0,0,0,0,0,0,0,0,77,903,3,11,25,3544fb96-73b8-11ed-ba7b-84fdd1f90de3
STEPHEN STRANGE,0,0,2,57,0,0,0,0,0,0,0,0,0,0,0,0,18,0,77,677,3,8,25,3544fc2b-73b8-11ed-ba7b-84fdd1f90de3
VISION,0,19,0,26,0,31,0,0,0,0,0,0,0,0,0,0,0,0,76,971,3,12,25,3544fcbf-73b8-11ed-ba7b-84fdd1f90de3
VOLSTAGG,0,0,0,0,0,0,0,0,0,0,0,0,0,0,0,62,1,8,71,663,3,9,23,3544fd5d-73b8-11ed-ba7b-84fdd1f90de3
NAKIA,0,0,0,0,71,0,0,0,0,0,0,0,0,0,0,0,0,0,71,602,1,8,71,3544fdf3-73b8-11ed-ba7b-84fdd1f90de3
LIZ TOOMES,0,0,0,0,0,0,0,0,0,0,0,0,0,69,0,0,0,0,71,546,1,7,71,3544fe88-73b8-11ed-ba7b-84fdd1f90de3
YON-ROGG,0,0,0,0,0,0,0,0,69,0,0,0,0,0,0,0,0,0,69,892,1,12,69,3544ff1f-73b8-11ed-ba7b-84fdd1f90de3
YONDU,0,0,0,0,0,0,0,0,0,69,0,0,0,0,0,0,0,0,69,788,1,11,69,3544ffb2-73b8-11ed-ba7b-84fdd1f90de3
FRIGGA,0,0,19,0,0,0,0,0,0,0,0,0,0,0,0,22,0,22,67,722,3,10,22,35450045-73b8-11ed-ba7b-84fdd1f90de3
OKOYE,0,0,3,11,53,0,0,0,0,0,0,0,0,0,0,0,0,0,67,542,3,8,22,354500da-73b8-11ed-ba7b-84fdd1f90de3
KAREN,0,0,0,0,0,0,0,0,0,0,0,0,0,66,0,0,0,0,67,523,1,7,67,35450177-73b8-11ed-ba7b-84fdd1f90de3
MANTIS,0,0,1,17,0,0,0,0,0,46,0,0,0,0,0,0,0,0,64,553,3,8,21,3545020e-73b8-11ed-ba7b-84fdd1f90de3
EVERETT ROSS,0,0,0,0,57,6,0,0,0,0,0,0,0,0,0,0,0,0,63,809,2,12,31,354502a3-73b8-11ed-ba7b-84fdd1f90de3
MAYA HANSEN,0,0,0,0,0,0,0,0,0,0,0,0,61,0,0,0,0,0,63,484,1,7,63,35450337-73b8-11ed-ba7b-84fdd1f90de3
HOWARD STARK,5,0,23,0,0,6,23,0,0,0,0,4,0,0,0,0,0,0,61,1121,5,18,12,354503cc-73b8-11ed-ba7b-84fdd1f90de3
SIF,0,0,0,0,0,0,0,0,0,0,0,0,0,0,0,44,0,14,61,468,2,7,30,3545045f-73b8-11ed-ba7b-84fdd1f90de3
ALEXANDER PIERCE,0,0,5,0,0,0,0,55,0,0,0,0,0,0,0,0,0,0,60,1198,2,19,30,35450511-73b8-11ed-ba7b-84fdd1f90de3
COL. CHESTER PHILLIPS,0,0,0,0,0,0,60,0,0,0,0,0,0,0,0,0,0,0,60,959,1,15,60,354505d9-73b8-11ed-ba7b-84fdd1f90de3
TALOS,0,0,0,0,0,0,0,0,59,0,0,0,0,0,0,0,0,0,59,894,1,15,59,35450692-73b8-11ed-ba7b-84fdd1f90de3
ALDRICH KILLIAN,0,0,0,0,0,0,0,0,0,0,0,0,58,0,0,0,0,0,58,1302,1,22,58,35450737-73b8-11ed-ba7b-84fdd1f90de3
EGO,0,0,0,0,0,0,0,0,0,57,0,0,0,0,0,0,0,0,57,1545,1,27,57,354507d5-73b8-11ed-ba7b-84fdd1f90de3
FANDRAL,0,0,0,0,0,0,0,0,0,0,0,0,0,0,0,49,0,8,57,677,2,11,28,3545086d-73b8-11ed-ba7b-84fdd1f90de3
RED SKULL,0,0,5,9,0,0,41,0,0,0,0,0,0,0,0,0,0,0,55,976,3,17,18,35450904-73b8-11ed-ba7b-84fdd1f90de3
DARREN CROSS,53,0,0,0,0,0,0,0,0,0,0,0,0,0,0,0,0,0,53,1120,1,21,53,354509a3-73b8-11ed-ba7b-84fdd1f90de3
N'JADAKA (KILLMONGER),0,0,0,0,53,0,0,0,0,0,0,0,0,0,0,0,0,0,53,897,1,16,53,35450a3c-73b8-11ed-ba7b-84fdd1f90de3
HEIMDALL,0,4,0,1,0,0,0,0,0,0,0,0,0,0,0,17,13,17,53,814,5,15,10,35450ad0-73b8-11ed-ba7b-84fdd1f90de3
HARLEY KEENER,0,0,0,0,0,0,0,0,0,0,0,0,52,0,0,0,0,0,53,423,1,7,53,35450b65-73b8-11ed-ba7b-84fdd1f90de3
OBADIAH STANE,0,0,0,0,0,0,0,0,0,0,52,0,0,0,0,0,0,0,52,1284,1,24,52,35450c03-73b8-11ed-ba7b-84fdd1f90de3
"JAMES ""JIM"" PAXTON",46,0,0,0,0,0,0,0,0,0,0,0,0,0,0,0,0,0,46,351,1,7,46,35450cbd-73b8-11ed-ba7b-84fdd1f90de3
BROCK RUMLOW,0,0,3,0,0,8,0,34,0,0,0,0,0,0,0,0,0,0,45,454,3,10,15,35450d56-73b8-11ed-ba7b-84fdd1f90de3
MAY PARKER,0,0,0,0,0,10,0,0,0,0,0,0,0,34,0,0,0,0,45,396,2,8,22,35450df4-73b8-11ed-ba7b-84fdd1f90de3
MARIA RAMBEAU,0,0,0,0,0,0,0,0,43,0,0,0,0,0,0,0,0,0,44,593,1,13,44,35450e8c-73b8-11ed-ba7b-84fdd1f90de3
HULK,0,0,0,2,0,0,0,0,0,0,0,0,0,0,1,0,39,0,44,141,3,3,14,35450f20-73b8-11ed-ba7b-84fdd1f90de3
DR. ARNIM ZOLA,0,0,0,0,0,0,30,13,0,0,0,0,0,0,0,0,0,0,43,570,2,13,21,35450fb4-73b8-11ed-ba7b-84fdd1f90de3
YINSEN,0,0,0,0,0,0,0,0,0,0,41,0,0,0,0,0,0,0,41,953,1,23,41,35451049-73b8-11ed-ba7b-84fdd1f90de3
FRIDAY,0,13,6,5,0,16,0,0,0,0,0,0,0,1,0,0,0,0,41,346,5,8,8,354510de-73b8-11ed-ba7b-84fdd1f90de3
ULYSSES KLAUE,0,7,0,0,33,0,0,0,0,0,0,0,0,0,0,0,0,0,40,756,2,18,20,3545118e-73b8-11ed-ba7b-84fdd1f90de3
GRANDMASTER,0,0,0,0,0,0,0,0,0,0,0,0,0,0,0,0,38,0,38,821,1,21,38,35451235-73b8-11ed-ba7b-84fdd1f90de3
SHARON CARTER,0,0,0,0,0,26,0,12,0,0,0,0,0,0,0,0,0,0,38,542,2,14,19,354512d0-73b8-11ed-ba7b-84fdd1f90de3
DR. ABRAHAM ERSKINE,0,0,0,0,0,0,36,0,0,0,0,0,0,0,0,0,0,0,37,663,1,17,37,3545137e-73b8-11ed-ba7b-84fdd1f90de3
IVAN VANKO,0,0,0,0,0,0,0,0,0,0,0,33,0,0,0,0,0,0,37,269,1,7,37,35451417-73b8-11ed-ba7b-84fdd1f90de3
PHINEAS MASON,0,0,0,0,0,0,0,0,0,0,0,0,0,35,0,0,0,0,35,274,1,7,35,354514af-73b8-11ed-ba7b-84fdd1f90de3
SENATOR STERN,0,0,0,0,0,0,0,5,0,0,0,29,0,0,0,0,0,0,34,499,2,14,17,35451544-73b8-11ed-ba7b-84fdd1f90de3
DAVE,33,0,0,0,0,0,0,0,0,0,0,0,0,0,0,0,0,0,34,185,1,5,34,354515d8-73b8-11ed-ba7b-84fdd1f90de3
HELA,0,0,0,0,0,0,0,0,0,0,0,0,0,0,0,0,32,0,32,673,1,21,32,3545169d-73b8-11ed-ba7b-84fdd1f90de3
HELMUT ZEMO,0,0,0,0,0,32,0,0,0,0,0,0,0,0,0,0,0,0,32,621,1,19,32,3545173b-73b8-11ed-ba7b-84fdd1f90de3
CHRISTINE EVERHART,0,0,0,0,0,0,0,0,0,0,16,16,0,0,0,0,0,0,32,318,2,9,16,354517d4-73b8-11ed-ba7b-84fdd1f90de3
KORG,0,0,5,0,0,0,0,0,0,0,0,0,0,0,0,0,26,0,31,618,2,19,15,35451871-73b8-11ed-ba7b-84fdd1f90de3
HERMAN SCHULTZ,0,0,0,0,0,0,0,0,0,0,0,0,0,27,0,0,0,0,29,177,1,6,29,35451909-73b8-11ed-ba7b-84fdd1f90de3
KURT,28,0,0,0,0,0,0,0,0,0,0,0,0,0,0,0,0,0,28,140,1,5,28,354519a0-73b8-11ed-ba7b-84fdd1f90de3
CASSIE LANG,24,0,2,0,0,0,0,0,0,0,0,0,0,0,0,0,0,0,26,117,2,4,13,35451a35-73b8-11ed-ba7b-84fdd1f90de3
SECRETARY ROSS,0,0,0,8,0,16,0,0,0,0,0,0,0,0,0,0,0,0,24,458,2,19,12,35451ad3-73b8-11ed-ba7b-84fdd1f90de3
MALEKITH,0,0,0,0,0,0,0,0,0,0,0,0,0,0,0,0,0,22,24,329,1,13,24,35451b6a-73b8-11ed-ba7b-84fdd1f90de3
PIETRO MAXIMOFF,0,24,0,0,0,0,0,0,0,0,0,0,0,0,0,0,0,0,24,230,1,9,24,35451c00-73b8-11ed-ba7b-84fdd1f90de3
FLASH THOMPSON,0,0,0,0,0,0,0,0,0,0,0,0,0,24,0,0,0,0,24,220,1,9,24,35451c9e-73b8-11ed-ba7b-84fdd1f90de3
GROOT,0,0,2,4,0,0,0,0,0,3,0,0,0,0,0,0,0,0,24,78,3,3,8,35451d38-73b8-11ed-ba7b-84fdd1f90de3
EBONY MAW,0,0,7,16,0,0,0,0,0,0,0,0,0,0,0,0,0,0,23,316,2,13,11,35451de5-73b8-11ed-ba7b-84fdd1f90de3
M'BAKU,0,0,0,3,20,0,0,0,0,0,0,0,0,0,0,0,0,0,23,281,2,12,11,35451e99-73b8-11ed-ba7b-84fdd1f90de3
RICHARD,0,0,0,0,0,0,0,0,0,0,0,0,0,0,0,0,0,23,23,215,1,9,23,35451f3f-73b8-11ed-ba7b-84fdd1f90de3
AARON DAVIS,0,0,0,0,0,0,0,0,0,0,0,0,0,22,0,0,0,0,22,207,1,9,22,35451fd7-73b8-11ed-ba7b-84fdd1f90de3
IAN BOOTHBY,0,0,0,0,0,0,0,0,0,0,0,0,0,0,0,0,0,22,22,130,1,5,22,3545206c-73b8-11ed-ba7b-84fdd1f90de3
JASPER SITWELL,0,0,0,0,0,0,0,21,0,0,0,0,0,0,0,0,0,0,21,303,1,14,21,35452149-73b8-11ed-ba7b-84fdd1f90de3
ZURI,0,0,0,0,21,0,0,0,0,0,0,0,0,0,0,0,0,0,21,263,1,12,21,354521e8-73b8-11ed-ba7b-84fdd1f90de3
RAMONDA,0,0,0,0,21,0,0,0,0,0,0,0,0,0,0,0,0,0,21,166,1,7,21,3545227f-73b8-11ed-ba7b-84fdd1f90de3
ERIC SAVIN,0,0,0,0,0,0,0,0,0,0,0,0,21,0,0,0,0,0,21,163,1,7,21,35452316-73b8-11ed-ba7b-84fdd1f90de3
BAD NEBULA,0,0,21,0,0,0,0,0,0,0,0,0,0,0,0,0,0,0,21,113,1,5,21,354523ce-73b8-11ed-ba7b-84fdd1f90de3
W'KABI,0,0,0,0,20,0,0,0,0,0,0,0,0,0,0,0,0,0,20,256,1,12,20,3545246c-73b8-11ed-ba7b-84fdd1f90de3
WENDY LAWSON,0,0,0,0,0,0,0,0,18,0,0,0,0,0,0,0,0,0,20,196,1,9,20,3545250c-73b8-11ed-ba7b-84fdd1f90de3
GARY,0,0,0,0,0,0,0,0,0,0,0,0,19,0,0,0,0,0,20,156,1,7,20,354525a6-73b8-11ed-ba7b-84fdd1f90de3
MAJOR ALLEN,0,0,0,0,0,0,0,0,0,0,15,5,0,0,0,0,0,0,20,137,2,6,10,3545263d-73b8-11ed-ba7b-84fdd1f90de3
LAUFEY,0,0,0,0,0,0,0,0,0,0,0,0,0,0,0,19,0,0,19,266,1,14,19,354526d7-73b8-11ed-ba7b-84fdd1f90de3
MONICA RAMBEAU,0,0,0,0,0,0,0,0,19,0,0,0,0,0,0,0,0,0,19,264,1,13,19,3545276d-73b8-11ed-ba7b-84fdd1f90de3
N'JOBU,0,0,0,0,18,0,0,0,0,0,0,0,0,0,0,0,0,0,18,263,1,14,18,3545283a-73b8-11ed-ba7b-84fdd1f90de3
LAURA BARTON,0,16,2,0,0,0,0,0,0,0,0,0,0,0,0,0,0,0,18,193,2,10,9,354528db-73b8-11ed-ba7b-84fdd1f90de3
TREVOR SLATTERY,0,0,0,0,0,0,0,0,0,0,0,0,17,0,0,0,0,0,17,273,1,16,17,35452977-73b8-11ed-ba7b-84fdd1f90de3
TASERFACE,0,0,0,0,0,0,0,0,0,17,0,0,0,0,0,0,0,0,17,236,1,13,17,35452a1b-73b8-11ed-ba7b-84fdd1f90de3
DR. HELEN CHO,0,17,0,0,0,0,0,0,0,0,0,0,0,0,0,0,0,0,17,233,1,13,17,35452ade-73b8-11ed-ba7b-84fdd1f90de3
MAN,0,0,0,0,0,0,0,0,0,0,0,3,7,5,0,0,0,1,17,99,4,5,4,35452b7b-73b8-11ed-ba7b-84fdd1f90de3
THE MANDARIN,0,0,0,0,0,0,0,0,0,0,0,0,16,0,0,0,0,0,16,427,1,26,16,35452c10-73b8-11ed-ba7b-84fdd1f90de3
AYESHA,0,0,0,0,0,0,0,0,0,16,0,0,0,0,0,0,0,0,16,272,1,17,16,35452cae-73b8-11ed-ba7b-84fdd1f90de3
ANCIENT ONE,0,0,16,0,0,0,0,0,0,0,0,0,0,0,0,0,0,0,16,264,1,16,16,35452d51-73b8-11ed-ba7b-84fdd1f90de3
BARON WOLFGANG VON STRUCKER,0,12,0,0,0,0,0,4,0,0,0,0,0,0,0,0,0,0,16,254,2,15,8,35452de8-73b8-11ed-ba7b-84fdd1f90de3
SECURITY GUARD,0,0,0,0,2,0,0,0,0,0,0,2,0,0,12,0,0,0,16,215,3,13,5,35452e85-73b8-11ed-ba7b-84fdd1f90de3
JACKSON BRICE,0,0,0,0,0,0,0,0,0,0,0,0,0,15,0,0,0,0,16,130,1,8,16,35452f1d-73b8-11ed-ba7b-84fdd1f90de3
T'CHAKA,0,0,0,0,8,7,0,0,0,0,0,0,0,0,0,0,0,0,15,291,2,19,7,35452fb3-73b8-11ed-ba7b-84fdd1f90de3
SKURGE,0,0,0,0,0,0,0,0,0,0,0,0,0,0,0,0,15,0,15,250,1,16,15,35453054-73b8-11ed-ba7b-84fdd1f90de3
KRAGLIN,0,0,0,0,0,0,0,0,0,15,0,0,0,0,0,0,0,0,15,205,1,13,15,3545310b-73b8-11ed-ba7b-84fdd1f90de3
EITRI,0,0,0,15,0,0,0,0,0,0,0,0,0,0,0,0,0,0,15,166,1,11,15,354531af-73b8-11ed-ba7b-84fdd1f90de3
MR. HARRINGTON,0,0,0,0,0,0,0,0,0,0,0,0,0,15,0,0,0,0,15,159,1,10,15,35453245-73b8-11ed-ba7b-84fdd1f90de3
MAGGIE LANG,15,0,0,0,0,0,0,0,0,0,0,0,0,0,0,0,0,0,15,139,1,9,15,35453368-73b8-11ed-ba7b-84fdd1f90de3
HOGUN,0,0,0,0,0,0,0,0,0,0,0,0,0,0,0,10,3,2,15,101,3,6,5,354533f8-73b8-11ed-ba7b-84fdd1f90de3
SUPREME INTELLIGENCE,0,0,0,0,0,0,0,0,14,0,0,0,0,0,0,0,0,0,14,224,1,16,14,35453488-73b8-11ed-ba7b-84fdd1f90de3
"MICHELLE ""MJ"" JONES",0,0,0,0,0,0,0,0,0,0,0,0,0,14,0,0,0,0,14,139,1,9,14,35453526-73b8-11ed-ba7b-84fdd1f90de3
SHIELD AGENT,0,0,0,0,0,0,5,4,0,0,0,1,0,0,2,2,0,0,14,111,5,7,2,354535bc-73b8-11ed-ba7b-84fdd1f90de3
FURY'S CAR,0,0,0,0,0,0,0,14,0,0,0,0,0,0,0,0,0,0,14,90,1,6,14,35453654-73b8-11ed-ba7b-84fdd1f90de3
SURTUR,0,0,0,0,0,0,0,0,0,0,0,0,0,0,0,0,13,0,13,146,1,11,13,354536f3-73b8-11ed-ba7b-84fdd1f90de3
STAN LEE,0,2,1,1,1,1,0,0,1,1,0,1,0,2,1,0,1,0,13,123,11,9,1,354537a7-73b8-11ed-ba7b-84fdd1f90de3
DIRECTOR,0,0,0,0,0,0,1,0,12,0,0,0,0,0,0,0,0,0,13,111,2,8,6,35453845-73b8-11ed-ba7b-84fdd1f90de3
MORGAN STARK,0,0,12,0,0,0,0,0,0,0,0,0,0,0,0,0,0,0,13,53,1,4,13,354538df-73b8-11ed-ba7b-84fdd1f90de3
SHIELD COMPUTER,0,0,0,0,0,0,0,8,0,0,0,0,0,0,0,0,0,0,13,38,1,2,13,35454922-73b8-11ed-ba7b-84fdd1f90de3
RAZA,0,0,0,0,0,0,0,0,0,0,12,0,0,0,0,0,0,0,12,227,1,18,12,35454a3f-73b8-11ed-ba7b-84fdd1f90de3
MINN-ERVA,0,0,0,0,0,0,0,0,12,0,0,0,0,0,0,0,0,0,12,74,1,6,12,35454ae1-73b8-11ed-ba7b-84fdd1f90de3
DORIS TOOMES,0,0,0,0,0,0,0,0,0,0,0,0,0,12,0,0,0,0,12,63,1,5,12,35454b89-73b8-11ed-ba7b-84fdd1f90de3
ACTOR THOR,0,0,0,0,0,0,0,0,0,0,0,0,0,0,0,0,12,0,12,59,1,4,12,35454c21-73b8-11ed-ba7b-84fdd1f90de3
SENATOR BRANDT,0,0,0,0,0,0,11,0,0,0,0,0,0,0,0,0,0,0,11,171,1,15,11,35454cb6-73b8-11ed-ba7b-84fdd1f90de3
COUNCILMAN,0,0,0,0,0,0,0,0,0,0,0,0,0,0,11,0,0,0,11,135,1,12,11,35454d5c-73b8-11ed-ba7b-84fdd1f90de3
WONG,0,0,1,10,0,0,0,0,0,0,0,0,0,0,0,0,0,0,11,103,2,9,5,35454df6-73b8-11ed-ba7b-84fdd1f90de3
PRESIDENT ELLIS,0,0,0,0,0,0,0,0,0,0,0,0,11,0,0,0,0,0,11,93,1,8,11,35454e8f-73b8-11ed-ba7b-84fdd1f90de3
ACTOR LOKI,0,0,0,0,0,0,0,0,0,0,0,0,0,0,0,0,11,0,11,77,1,7,11,35454f26-73b8-11ed-ba7b-84fdd1f90de3
DALE,10,0,0,0,0,0,0,0,0,0,0,0,0,0,0,0,0,0,10,141,1,14,10,35454fc2-73b8-11ed-ba7b-84fdd1f90de3
JAPSER SITWELL,0,0,3,0,0,0,0,0,0,0,0,0,0,0,2,5,0,0,10,85,3,8,3,35455058-73b8-11ed-ba7b-84fdd1f90de3
BRANDT,0,0,0,0,0,0,0,0,0,0,0,0,10,0,0,0,0,0,10,74,1,7,10,3545511f-73b8-11ed-ba7b-84fdd1f90de3
KORATH,0,0,0,0,0,0,0,0,10,0,0,0,0,0,0,0,0,0,10,73,1,7,10,354551b9-73b8-11ed-ba7b-84fdd1f90de3
CHARLES MURPHY,0,0,0,0,0,0,0,0,0,0,0,0,0,10,0,0,0,0,10,67,1,6,10,35455259-73b8-11ed-ba7b-84fdd1f90de3
DUM DUM DUGAN,0,0,0,0,0,0,10,0,0,0,0,0,0,0,0,0,0,0,10,62,1,6,10,354552f0-73b8-11ed-ba7b-84fdd1f90de3
MR. DELMAR,0,0,0,0,0,0,0,0,0,0,0,0,0,10,0,0,0,0,10,59,1,5,10,35455382-73b8-11ed-ba7b-84fdd1f90de3
TOPAZ,0,0,0,0,0,0,0,0,0,0,0,0,0,0,0,0,10,0,10,53,1,5,10,3545544c-73b8-11ed-ba7b-84fdd1f90de3
ABRAHAM BROWN,0,0,0,0,0,0,0,0,0,0,0,0,0,10,0,0,0,0,10,37,1,3,10,354554e3-73b8-11ed-ba7b-84fdd1f90de3
STAKAR,0,0,0,0,0,0,0,0,0,9,0,0,0,0,0,0,0,0,9,172,1,19,9,3545557a-73b8-11ed-ba7b-84fdd1f90de3
COUNCILMAN ROCKWELL,0,0,0,0,0,0,0,9,0,0,0,0,0,0,0,0,0,0,9,117,1,13,9,3545560c-73b8-11ed-ba7b-84fdd1f90de3
MITCHELL CARSON,9,0,0,0,0,0,0,0,0,0,0,0,0,0,0,0,0,0,9,91,1,10,9,354556ab-73b8-11ed-ba7b-84fdd1f90de3
RONAN,0,0,0,0,0,0,0,0,9,0,0,0,0,0,0,0,0,0,9,88,1,9,9,35455741-73b8-11ed-ba7b-84fdd1f90de3
VASILY KARPOV,0,0,0,0,0,9,0,0,0,0,0,0,0,0,0,0,0,0,9,61,1,6,9,354557d4-73b8-11ed-ba7b-84fdd1f90de3
QUINJET,0,0,0,0,0,0,0,0,0,0,0,0,0,0,0,0,5,0,9,23,1,2,9,3545586c-73b8-11ed-ba7b-84fdd1f90de3
GENERAL GABRIEL,0,0,0,0,0,0,0,0,0,0,8,0,0,0,0,0,0,0,8,150,1,18,8,354558fe-73b8-11ed-ba7b-84fdd1f90de3
NEWS REPORTER,0,0,0,0,0,0,0,0,0,0,0,6,0,0,0,0,0,2,8,116,2,14,4,3545598e-73b8-11ed-ba7b-84fdd1f90de3
THE COLLECTOR,0,0,0,0,0,0,0,0,0,0,0,0,0,0,0,0,0,8,8,83,1,10,8,35455a5c-73b8-11ed-ba7b-84fdd1f90de3
GABE JONES,0,0,0,0,0,0,8,0,0,0,0,0,0,0,0,0,0,0,8,72,1,9,8,35455af6-73b8-11ed-ba7b-84fdd1f90de3
OFFICER,0,0,0,0,0,0,2,0,0,0,4,0,2,0,0,0,0,0,8,65,3,8,2,35455b8c-73b8-11ed-ba7b-84fdd1f90de3
POLICE OFFICER,0,0,0,0,0,0,0,0,0,0,0,8,0,0,0,0,0,0,8,62,1,7,8,35455c26-73b8-11ed-ba7b-84fdd1f90de3
VIPER 1,0,0,0,0,0,0,0,0,0,0,8,0,0,0,0,0,0,0,8,62,1,7,8,35455cbc-73b8-11ed-ba7b-84fdd1f90de3
MUSEUM DIRECTOR,0,0,0,0,8,0,0,0,0,0,0,0,0,0,0,0,0,0,8,59,1,7,8,35455d4f-73b8-11ed-ba7b-84fdd1f90de3
DR. LIST,0,4,0,0,0,0,0,4,0,0,0,0,0,0,0,0,0,0,8,58,2,7,4,35455deb-73b8-11ed-ba7b-84fdd1f90de3
DOCTOR,0,0,0,0,0,0,0,8,0,0,0,0,0,0,0,0,0,0,8,56,1,7,8,35455e80-73b8-11ed-ba7b-84fdd1f90de3
A1 STEVE,0,0,8,0,0,0,0,0,0,0,0,0,0,0,0,0,0,0,8,54,1,6,8,35455f38-73b8-11ed-ba7b-84fdd1f90de3
JIM MORITA,0,0,0,0,0,0,8,0,0,0,0,0,0,0,0,0,0,0,8,54,1,6,8,35455fd3-73b8-11ed-ba7b-84fdd1f90de3
SKRULL SCIENTIST,0,0,0,0,0,0,0,0,7,0,0,0,0,0,0,0,0,0,8,54,1,6,8,3545608f-73b8-11ed-ba7b-84fdd1f90de3
BETTY BRANT,0,0,0,0,0,0,0,0,0,0,0,0,0,8,0,0,0,0,8,51,1,6,8,35456126-73b8-11ed-ba7b-84fdd1f90de3
JAMES MONTGOMERY FALSWORTH,0,0,0,0,0,0,8,0,0,0,0,0,0,0,0,0,0,0,8,48,1,6,8,354561bb-73b8-11ed-ba7b-84fdd1f90de3
ADMISSIONS NURSE,0,0,0,0,0,0,0,0,0,0,0,0,0,0,0,8,0,0,8,46,1,5,8,35456259-73b8-11ed-ba7b-84fdd1f90de3
PROXIMA MIDNIGHT,0,0,0,8,0,0,0,0,0,0,0,0,0,0,0,0,0,0,8,45,1,5,8,35456311-73b8-11ed-ba7b-84fdd1f90de3
GRIOT,0,0,0,0,8,0,0,0,0,0,0,0,0,0,0,0,0,0,8,41,1,5,8,354563a6-73b8-11ed-ba7b-84fdd1f90de3
WOMAN,0,0,0,0,0,0,1,0,0,0,1,2,4,0,0,0,0,0,8,35,4,4,2,3545643c-73b8-11ed-ba7b-84fdd1f90de3
BRON-CHAR,0,0,0,0,0,0,0,0,8,0,0,0,0,0,0,0,0,0,8,34,1,4,8,354564d7-73b8-11ed-ba7b-84fdd1f90de3
THE OTHER,0,0,0,0,0,0,0,0,0,0,0,0,0,0,7,0,0,0,7,192,1,27,7,3545656a-73b8-11ed-ba7b-84fdd1f90de3
YOUNG T'CHAKA,0,0,0,0,7,0,0,0,0,0,0,0,0,0,0,0,0,0,7,129,1,18,7,35456602-73b8-11ed-ba7b-84fdd1f90de3
INTERCOM VOICE,0,0,0,0,0,0,0,0,0,0,0,0,0,0,7,0,0,0,7,107,1,15,7,354566a2-73b8-11ed-ba7b-84fdd1f90de3
GENERAL,0,0,0,0,0,0,1,0,0,0,0,6,0,0,0,0,0,0,7,66,2,9,3,35456744-73b8-11ed-ba7b-84fdd1f90de3
ALGRIM,0,0,0,0,0,0,0,0,0,0,0,0,0,0,0,0,0,6,7,64,1,9,7,354567df-73b8-11ed-ba7b-84fdd1f90de3
TOWER KEEPER,0,0,0,0,0,0,7,0,0,0,0,0,0,0,0,0,0,0,7,46,1,6,7,35456879-73b8-11ed-ba7b-84fdd1f90de3
MARSHAL,0,0,0,0,0,0,0,0,0,0,0,7,0,0,0,0,0,0,7,40,1,5,7,3545690a-73b8-11ed-ba7b-84fdd1f90de3
GUARD #2,0,0,0,0,0,0,0,0,0,0,0,0,7,0,0,0,0,0,7,36,1,5,7,3545699e-73b8-11ed-ba7b-84fdd1f90de3
4F DOCTOR,0,0,0,0,0,0,7,0,0,0,0,0,0,0,0,0,0,0,7,31,1,4,7,35456a35-73b8-11ed-ba7b-84fdd1f90de3
USO SINGER,0,0,0,0,0,0,6,0,0,0,0,0,0,0,0,0,0,0,6,181,1,30,6,35456b12-73b8-11ed-ba7b-84fdd1f90de3
NEWS ANCHOR,0,0,0,0,0,0,0,0,0,0,0,0,0,6,0,0,0,0,6,116,1,19,6,35456bec-73b8-11ed-ba7b-84fdd1f90de3
VICE PRESIDENT,0,0,0,0,0,0,0,0,0,0,0,0,6,0,0,0,0,0,6,80,1,13,6,35456ceb-73b8-11ed-ba7b-84fdd1f90de3
GEORGI LUCHKOV,0,0,0,0,0,0,0,0,0,0,0,0,0,0,6,0,0,0,6,77,1,12,6,35456e07-73b8-11ed-ba7b-84fdd1f90de3
VIPER 2,0,0,0,0,0,0,0,0,0,0,6,0,0,0,0,0,0,0,6,65,1,10,6,35456eef-73b8-11ed-ba7b-84fdd1f90de3
GERMAN INNKEEPER,0,0,0,0,0,6,0,0,0,0,0,0,0,0,0,0,0,0,6,60,1,10,6,3545a5ad-73b8-11ed-ba7b-84fdd1f90de3
GUARD,0,0,0,0,0,1,1,0,0,0,0,0,1,1,0,0,0,2,6,54,5,9,1,3545a772-73b8-11ed-ba7b-84fdd1f90de3
SHIELD LIEUTENANT,0,0,0,0,0,0,6,0,0,0,0,0,0,0,0,0,0,0,6,53,1,8,6,3545a846-73b8-11ed-ba7b-84fdd1f90de3
COUNCILWOMAN,0,0,0,0,0,0,0,0,0,0,0,0,0,0,6,0,0,0,6,52,1,8,6,3545a99b-73b8-11ed-ba7b-84fdd1f90de3
MRS. DAVIS,0,0,0,0,0,0,0,0,0,0,0,0,6,0,0,0,0,0,6,43,1,7,6,3545aa35-73b8-11ed-ba7b-84fdd1f90de3
SHIELD TECH,0,0,0,0,0,0,3,3,0,0,0,0,0,0,0,0,0,0,6,38,2,6,3,3545aaee-73b8-11ed-ba7b-84fdd1f90de3
CINDY MOON,0,0,0,0,0,0,0,0,0,0,0,0,0,6,0,0,0,0,6,28,1,4,6,3545ab88-73b8-11ed-ba7b-84fdd1f90de3
COMPUTER,3,0,0,0,0,0,0,1,2,0,0,0,0,0,0,0,0,0,6,13,3,2,2,3545ac20-73b8-11ed-ba7b-84fdd1f90de3
FRENCH PIRATE #1,0,0,0,0,0,0,0,5,0,0,0,0,0,0,0,0,0,0,5,99,1,19,5,3545acd7-73b8-11ed-ba7b-84fdd1f90de3
ABU,0,0,0,0,0,0,0,0,0,0,5,0,0,0,0,0,0,0,5,89,1,17,5,3545ad73-73b8-11ed-ba7b-84fdd1f90de3
MARIA STARK,0,0,0,0,0,5,0,0,0,0,0,0,0,0,0,0,0,0,5,86,1,17,5,3545ae0b-73b8-11ed-ba7b-84fdd1f90de3
SEARCH TEAM LEADER,0,0,0,0,0,0,5,0,0,0,0,0,0,0,0,0,0,0,5,72,1,14,5,3545aea3-73b8-11ed-ba7b-84fdd1f90de3
BRANDT’S AIDE,0,0,0,0,0,0,5,0,0,0,0,0,0,0,0,0,0,0,5,68,1,13,5,3545af3c-73b8-11ed-ba7b-84fdd1f90de3
DRUNK TOWNIE JAKE,0,0,0,0,0,0,0,0,0,0,0,0,0,0,0,5,0,0,5,66,1,13,5,3545afd1-73b8-11ed-ba7b-84fdd1f90de3
YOUNG TONY STARK,0,0,0,0,0,5,0,0,0,0,0,0,0,0,0,0,0,0,5,65,1,13,5,3545b068-73b8-11ed-ba7b-84fdd1f90de3
JASON IONELLO,0,0,0,0,0,0,0,0,0,0,0,0,0,5,0,0,0,0,5,64,1,12,5,3545b11a-73b8-11ed-ba7b-84fdd1f90de3
ANNOUNCER,0,1,0,0,0,0,0,0,0,0,0,1,3,0,0,0,0,0,5,52,3,10,1,3545b1b5-73b8-11ed-ba7b-84fdd1f90de3
PVT. LORRAINE,0,0,0,0,0,0,5,0,0,0,0,0,0,0,0,0,0,0,5,52,1,10,5,3545b2a0-73b8-11ed-ba7b-84fdd1f90de3
ROSE HILLS SHERIFF,0,0,0,0,0,0,0,0,0,0,0,0,5,0,0,0,0,0,5,51,1,10,5,3545b382-73b8-11ed-ba7b-84fdd1f90de3
PILOT,0,0,0,0,0,0,0,1,1,0,0,0,0,0,1,0,0,2,5,49,4,9,1,3545b425-73b8-11ed-ba7b-84fdd1f90de3
MEREDITH QUILL,0,0,0,0,0,0,0,0,0,5,0,0,0,0,0,0,0,0,5,47,1,9,5,3545b4c5-73b8-11ed-ba7b-84fdd1f90de3
TOM,0,0,0,0,0,0,0,0,5,0,0,0,0,0,0,0,0,0,5,46,1,9,5,3545b561-73b8-11ed-ba7b-84fdd1f90de3
EINHERJAR GUARD,0,0,0,0,0,0,0,0,0,0,0,0,0,0,0,2,0,3,5,41,2,8,2,3545b6c1-73b8-11ed-ba7b-84fdd1f90de3
A1 THOR,0,0,5,0,0,0,0,0,0,0,0,0,0,0,0,0,0,0,5,39,1,7,5,3545b76b-73b8-11ed-ba7b-84fdd1f90de3
AGENT,0,0,0,0,0,0,0,0,3,0,2,0,0,0,0,0,0,0,5,34,2,6,2,3545b80c-73b8-11ed-ba7b-84fdd1f90de3
ISABELA,0,0,0,0,0,0,0,0,0,0,0,0,0,0,0,5,0,0,5,33,1,6,5,3545b8b4-73b8-11ed-ba7b-84fdd1f90de3
CHARLIE WEAPONS TECH,0,0,0,0,0,0,0,5,0,0,0,0,0,0,0,0,0,0,5,30,1,6,5,3545b94d-73b8-11ed-ba7b-84fdd1f90de3
ATT-LASS,0,0,0,0,0,0,0,0,5,0,0,0,0,0,0,0,0,0,5,27,1,5,5,3545b9e7-73b8-11ed-ba7b-84fdd1f90de3
SECURITY,0,0,1,0,0,0,0,0,2,0,0,0,0,2,0,0,0,0,5,25,3,5,1,3545ba84-73b8-11ed-ba7b-84fdd1f90de3
COLLECTOR,0,0,0,5,0,0,0,0,0,0,0,0,0,0,0,0,0,0,5,25,1,5,5,3545bb35-73b8-11ed-ba7b-84fdd1f90de3
JACK,0,0,0,0,0,0,0,0,0,0,0,5,0,0,0,0,0,0,5,24,1,4,5,3545bbd1-73b8-11ed-ba7b-84fdd1f90de3
MINING TRIBE ELDER,0,0,0,0,5,0,0,0,0,0,0,0,0,0,0,0,0,0,5,23,1,4,5,3545bc6f-73b8-11ed-ba7b-84fdd1f90de3
YOUNG ZURI,0,0,0,0,5,0,0,0,0,0,0,0,0,0,0,0,0,0,5,22,1,4,5,3545bd36-73b8-11ed-ba7b-84fdd1f90de3
STRAWBERRY MAN,0,0,0,0,0,0,0,0,0,0,0,5,0,0,0,0,0,0,5,17,1,3,5,3545bdd7-73b8-11ed-ba7b-84fdd1f90de3
LILA BARTON,0,2,3,0,0,0,0,0,0,0,0,0,0,0,0,0,0,0,5,16,2,3,2,3545bea4-73b8-11ed-ba7b-84fdd1f90de3
SON,0,0,0,0,5,0,0,0,0,0,0,0,0,0,0,0,0,0,5,15,1,3,5,3545bf51-73b8-11ed-ba7b-84fdd1f90de3
JACK TAGGART,0,0,0,0,0,0,0,0,0,0,0,0,5,0,0,0,0,0,5,14,1,2,5,3545bff6-73b8-11ed-ba7b-84fdd1f90de3
CROWD,0,0,0,0,2,0,0,0,0,0,0,0,0,1,0,0,1,0,5,9,3,1,1,3545c0b3-73b8-11ed-ba7b-84fdd1f90de3
REPORTER,0,0,0,0,0,0,0,0,0,0,1,1,0,0,2,0,0,0,4,186,3,46,1,3545c14e-73b8-11ed-ba7b-84fdd1f90de3
FATHER,0,0,0,0,4,0,0,0,0,0,0,0,0,0,0,0,0,0,4,166,1,41,4,3545c1f0-73b8-11ed-ba7b-84fdd1f90de3
SERGEANT DUFFY,0,0,0,0,0,0,3,1,0,0,0,0,0,0,0,0,0,0,4,122,2,30,2,3545c288-73b8-11ed-ba7b-84fdd1f90de3
MRS. SPENCER,0,0,0,0,0,4,0,0,0,0,0,0,0,0,0,0,0,0,4,122,1,30,4,3545c328-73b8-11ed-ba7b-84fdd1f90de3
GRIEVING MAN,0,0,4,0,0,0,0,0,0,0,0,0,0,0,0,0,0,0,4,81,1,20,4,3545c3c2-73b8-11ed-ba7b-84fdd1f90de3
ANNE MARIE HOAG,0,0,0,0,0,0,0,0,0,0,0,0,0,4,0,0,0,0,4,80,1,20,4,3545c468-73b8-11ed-ba7b-84fdd1f90de3
IRON LEGION,0,4,0,0,0,0,0,0,0,0,0,0,0,0,0,0,0,0,4,77,1,19,4,3545c501-73b8-11ed-ba7b-84fdd1f90de3
COUNCILMAN SINGH,0,0,0,0,0,0,0,4,0,0,0,0,0,0,0,0,0,0,4,63,1,15,4,3545c5bd-73b8-11ed-ba7b-84fdd1f90de3
ROEDER,0,0,0,0,0,0,4,0,0,0,0,0,0,0,0,0,0,0,4,52,1,13,4,3545c65d-73b8-11ed-ba7b-84fdd1f90de3
SHAMAN,0,0,0,0,4,0,0,0,0,0,0,0,0,0,0,0,0,0,4,49,1,12,4,3545c6fe-73b8-11ed-ba7b-84fdd1f90de3
COACH WILSON,0,0,0,0,0,0,0,0,0,0,0,0,0,4,0,0,0,0,4,47,1,11,4,3545c79b-73b8-11ed-ba7b-84fdd1f90de3
FRANK,4,0,0,0,0,0,0,0,0,0,0,0,0,0,0,0,0,0,4,45,1,11,4,3545c831-73b8-11ed-ba7b-84fdd1f90de3
HEAD ENGINEER,0,0,0,0,0,0,0,0,0,0,4,0,0,0,0,0,0,0,4,44,1,11,4,3545caba-73b8-11ed-ba7b-84fdd1f90de3
SCHNEIDER,0,0,0,0,0,0,4,0,0,0,0,0,0,0,0,0,0,0,4,44,1,11,4,3545cb83-73b8-11ed-ba7b-84fdd1f90de3
MS. WARREN,0,0,0,0,0,0,0,0,0,0,0,0,0,4,0,0,0,0,4,42,1,10,4,3545cc1d-73b8-11ed-ba7b-84fdd1f90de3
RANDY,0,0,0,0,0,0,0,0,0,0,0,0,0,4,0,0,0,0,4,41,1,10,4,3545ccbb-73b8-11ed-ba7b-84fdd1f90de3
PRINCIPAL MORITA,0,0,0,0,0,0,0,0,0,0,0,0,0,4,0,0,0,0,4,38,1,9,4,3545cd52-73b8-11ed-ba7b-84fdd1f90de3
MEDICAL EXAMINER,0,0,0,0,0,0,0,0,4,0,0,0,0,0,0,0,0,0,4,37,1,9,4,3545cdea-73b8-11ed-ba7b-84fdd1f90de3
POLICE,0,0,0,0,0,0,0,0,0,0,0,0,0,4,0,0,0,0,4,37,1,9,4,3545ceab-73b8-11ed-ba7b-84fdd1f90de3
MADAME B,0,4,0,0,0,0,0,0,0,0,0,0,0,0,0,0,0,0,4,36,1,9,4,3545cf48-73b8-11ed-ba7b-84fdd1f90de3
APPLE EMPLOYEE,0,0,0,0,0,0,0,4,0,0,0,0,0,0,0,0,0,0,4,35,1,8,4,3545cfdf-73b8-11ed-ba7b-84fdd1f90de3
GILMORE HODGE,0,0,0,0,0,0,4,0,0,0,0,0,0,0,0,0,0,0,4,35,1,8,4,3545d075-73b8-11ed-ba7b-84fdd1f90de3
M.P.,0,0,4,0,0,0,0,0,0,0,0,0,0,0,0,0,0,0,4,35,1,8,4,3545d113-73b8-11ed-ba7b-84fdd1f90de3
COM TECH #1,0,0,0,0,0,0,0,4,0,0,0,0,0,0,0,0,0,0,4,30,1,7,4,3545d1ae-73b8-11ed-ba7b-84fdd1f90de3
TULLK,0,0,0,0,0,0,0,0,0,4,0,0,0,0,0,0,0,0,4,29,1,7,4,3545d244-73b8-11ed-ba7b-84fdd1f90de3
TECHNICIAN,0,0,0,0,0,0,0,0,0,0,0,4,0,0,0,0,0,0,4,28,1,7,4,3545d2da-73b8-11ed-ba7b-84fdd1f90de3
CORVUS GLAIVE,0,0,1,3,0,0,0,0,0,0,0,0,0,0,0,0,0,0,4,26,2,6,2,3545d37c-73b8-11ed-ba7b-84fdd1f90de3
DELIVERY TRUCK DRIVER,0,0,0,0,0,4,0,0,0,0,0,0,0,0,0,0,0,0,4,26,1,6,4,3545d414-73b8-11ed-ba7b-84fdd1f90de3
IRON MAN JIMMY,0,0,0,0,0,0,0,0,0,0,4,0,0,0,0,0,0,0,4,26,1,6,4,3545d4ad-73b8-11ed-ba7b-84fdd1f90de3
CHARLIE XO,0,0,0,0,0,0,0,4,0,0,0,0,0,0,0,0,0,0,4,25,1,6,4,3545d546-73b8-11ed-ba7b-84fdd1f90de3
FEMALE SHIELD AGENT,0,0,4,0,0,0,0,0,0,0,0,0,0,0,0,0,0,0,4,25,1,6,4,3545d5db-73b8-11ed-ba7b-84fdd1f90de3
FRENCH PIRATE,0,0,0,0,0,0,0,4,0,0,0,0,0,0,0,0,0,0,4,24,1,6,4,3545d673-73b8-11ed-ba7b-84fdd1f90de3
OAKLAND KID #1,0,0,0,0,4,0,0,0,0,0,0,0,0,0,0,0,0,0,4,24,1,6,4,3545d717-73b8-11ed-ba7b-84fdd1f90de3
FORTRESS SOLDIER,0,4,0,0,0,0,0,0,0,0,0,0,0,0,0,0,0,0,4,23,1,5,4,3545d7af-73b8-11ed-ba7b-84fdd1f90de3
RIVER TRIBE ELDER,0,0,0,0,4,0,0,0,0,0,0,0,0,0,0,0,0,0,4,23,1,5,4,3545d847-73b8-11ed-ba7b-84fdd1f90de3
MALE AGENT,0,0,3,0,0,0,0,0,0,0,0,0,0,0,1,0,0,0,4,19,2,4,2,3545d8dc-73b8-11ed-ba7b-84fdd1f90de3
HO YINSEN,0,0,0,0,0,0,0,0,0,0,0,0,4,0,0,0,0,0,4,18,1,4,4,3545d99f-73b8-11ed-ba7b-84fdd1f90de3
GALE,4,0,0,0,0,0,0,0,0,0,0,0,0,0,0,0,0,0,4,16,1,4,4,3545da36-73b8-11ed-ba7b-84fdd1f90de3
YOUNG KILLMONGER,0,0,0,0,4,0,0,0,0,0,0,0,0,0,0,0,0,0,4,14,1,3,4,3545dae3-73b8-11ed-ba7b-84fdd1f90de3
GIRL,0,0,0,0,0,0,0,0,0,0,0,0,0,4,0,0,0,0,4,13,1,3,4,3545dbb6-73b8-11ed-ba7b-84fdd1f90de3
EIR,0,0,0,0,0,0,0,0,0,0,0,0,0,0,0,0,0,4,4,12,1,3,4,3545dc57-73b8-11ed-ba7b-84fdd1f90de3
YOUNG GAMORA,0,0,0,4,0,0,0,0,0,0,0,0,0,0,0,0,0,0,4,12,1,3,4,3545dcf1-73b8-11ed-ba7b-84fdd1f90de3
MALE NURSE,0,0,0,0,0,0,0,4,0,0,0,0,0,0,0,0,0,0,4,9,1,2,4,3545dd91-73b8-11ed-ba7b-84fdd1f90de3
THE SMITHSONIAN NARRATOR,0,0,0,0,0,0,0,3,0,0,0,0,0,0,0,0,0,0,3,106,1,35,3,3545de29-73b8-11ed-ba7b-84fdd1f90de3
TECHIE,0,0,0,0,0,0,0,0,0,0,0,0,0,0,0,3,0,0,3,89,1,29,3,3545dec3-73b8-11ed-ba7b-84fdd1f90de3
MIT TEACHER,0,0,0,0,0,3,0,0,0,0,0,0,0,0,0,0,0,0,3,73,1,24,3,3545df64-73b8-11ed-ba7b-84fdd1f90de3
NEWS ANCHOR #4,0,0,0,0,0,3,0,0,0,0,0,0,0,0,0,0,0,0,3,68,1,22,3,3545e003-73b8-11ed-ba7b-84fdd1f90de3
COMMERCIAL ANNOUNCER,0,0,0,0,0,0,3,0,0,0,0,0,0,0,0,0,0,0,3,65,1,21,3,3545e097-73b8-11ed-ba7b-84fdd1f90de3
A1 TONY,0,0,3,0,0,0,0,0,0,0,0,0,0,0,0,0,0,0,3,46,1,15,3,3545e12d-73b8-11ed-ba7b-84fdd1f90de3
COMMITTEE GENERAL,0,0,0,0,0,0,0,3,0,0,0,0,0,0,0,0,0,0,3,46,1,15,3,3545e1ce-73b8-11ed-ba7b-84fdd1f90de3
HEINZ KRUGER,0,0,0,0,0,0,3,0,0,0,0,0,0,0,0,0,0,0,3,41,1,13,3,3545e268-73b8-11ed-ba7b-84fdd1f90de3
DRUNK TOWNIE,0,0,0,0,0,0,0,0,0,0,0,0,0,0,0,3,0,0,3,40,1,13,3,3545e2fe-73b8-11ed-ba7b-84fdd1f90de3
TOUR GUIDE,0,0,0,0,0,0,0,0,0,0,0,0,0,3,0,0,0,0,3,40,1,13,3,3545e39e-73b8-11ed-ba7b-84fdd1f90de3
ADMIRAL,0,0,0,0,0,0,0,0,0,3,0,0,0,0,0,0,0,0,3,39,1,13,3,3545e468-73b8-11ed-ba7b-84fdd1f90de3
FEMALE WAR VETERAN,0,0,0,0,0,0,0,3,0,0,0,0,0,0,0,0,0,0,3,39,1,13,3,3545e503-73b8-11ed-ba7b-84fdd1f90de3
HUTTER,0,0,0,0,0,0,3,0,0,0,0,0,0,0,0,0,0,0,3,39,1,13,3,3545e59a-73b8-11ed-ba7b-84fdd1f90de3
GEF THE RAVAGER,0,0,0,0,0,0,0,0,0,3,0,0,0,0,0,0,0,0,3,31,1,10,3,3545e632-73b8-11ed-ba7b-84fdd1f90de3
MODERATOR,0,0,0,0,0,0,0,0,0,0,0,0,0,3,0,0,0,0,3,31,1,10,3,3545e6ca-73b8-11ed-ba7b-84fdd1f90de3
SOREN,0,0,0,0,0,0,0,0,3,0,0,0,0,0,0,0,0,0,3,31,1,10,3,3545e774-73b8-11ed-ba7b-84fdd1f90de3
YOUNG GIRL,0,0,0,0,0,0,0,0,0,0,0,0,0,0,3,0,0,0,3,30,1,10,3,3545e819-73b8-11ed-ba7b-84fdd1f90de3
DESK OFFICER,0,0,0,0,0,0,0,0,0,0,0,0,0,0,0,0,0,3,3,29,1,9,3,3545e8b4-73b8-11ed-ba7b-84fdd1f90de3
OAKLAND KID #3,0,0,0,0,3,0,0,0,0,0,0,0,0,0,0,0,0,0,3,29,1,9,3,3545e94e-73b8-11ed-ba7b-84fdd1f90de3
SPECIALIST CAMERON KLEIN,0,3,0,0,0,0,0,0,0,0,0,0,0,0,0,0,0,0,3,29,1,9,3,3545e9e3-73b8-11ed-ba7b-84fdd1f90de3
ICE CREAM STORE CUSTOMER,3,0,0,0,0,0,0,0,0,0,0,0,0,0,0,0,0,0,3,28,1,9,3,3545ea7a-73b8-11ed-ba7b-84fdd1f90de3
MILITARY AIDE,0,0,0,0,0,0,0,0,0,0,0,0,3,0,0,0,0,0,3,28,1,9,3,3545eb18-73b8-11ed-ba7b-84fdd1f90de3
TOWNIE PETE,0,0,0,0,0,0,0,0,0,0,0,0,0,0,0,3,0,0,3,28,1,9,3,3545ebce-73b8-11ed-ba7b-84fdd1f90de3
CHAMBERMAID,0,0,0,0,0,0,0,0,0,3,0,0,0,0,0,0,0,0,3,27,1,9,3,3545ec99-73b8-11ed-ba7b-84fdd1f90de3
LOUD JERK,0,0,0,0,0,0,3,0,0,0,0,0,0,0,0,0,0,0,3,27,1,9,3,3545ed3b-73b8-11ed-ba7b-84fdd1f90de3
POLICE OFFICER #1,0,0,0,0,0,0,0,0,0,0,0,0,0,0,0,0,0,3,3,26,1,8,3,3545edd1-73b8-11ed-ba7b-84fdd1f90de3
STUDENT,0,0,0,0,0,0,0,0,0,0,0,0,0,2,0,0,0,1,3,25,2,8,1,3545ee6f-73b8-11ed-ba7b-84fdd1f90de3
RETCH,0,0,0,0,0,0,0,0,0,3,0,0,0,0,0,0,0,0,3,24,1,8,3,3545ef09-73b8-11ed-ba7b-84fdd1f90de3
NURSE,0,0,0,0,0,0,0,0,0,0,0,0,1,0,0,2,0,0,3,21,2,7,1,3545efa1-73b8-11ed-ba7b-84fdd1f90de3
DETECTIVE,3,0,0,0,0,0,0,0,0,0,0,0,0,0,0,0,0,0,3,21,1,7,3,3545f039-73b8-11ed-ba7b-84fdd1f90de3
RENATA,0,0,0,0,0,0,0,3,0,0,0,0,0,0,0,0,0,0,3,21,1,7,3,3545f0df-73b8-11ed-ba7b-84fdd1f90de3
SECURITY CHECKPOINT,0,0,0,0,0,0,0,0,3,0,0,0,0,0,0,0,0,0,3,21,1,7,3,3545f17c-73b8-11ed-ba7b-84fdd1f90de3
KREE,0,0,0,0,0,0,0,0,3,0,0,0,0,0,0,0,0,0,3,20,1,6,3,3545f212-73b8-11ed-ba7b-84fdd1f90de3
ROBBER 1,0,0,0,0,0,0,0,0,0,0,0,0,0,3,0,0,0,0,3,20,1,6,3,3545f2b2-73b8-11ed-ba7b-84fdd1f90de3
STRIKE AGENT,0,0,0,0,0,0,0,3,0,0,0,0,0,0,0,0,0,0,3,20,1,6,3,3545f34a-73b8-11ed-ba7b-84fdd1f90de3
ELON MUSK,0,0,0,0,0,0,0,0,0,0,0,3,0,0,0,0,0,0,3,18,1,6,3,3545f408-73b8-11ed-ba7b-84fdd1f90de3
AGENT CALE,0,0,0,0,0,0,0,0,0,0,0,0,0,0,0,3,0,0,3,17,1,5,3,3545f4a4-73b8-11ed-ba7b-84fdd1f90de3
LEAD SCRAPPER,0,0,0,0,0,0,0,0,0,0,0,0,0,0,0,0,3,0,3,17,1,5,3,3545f54e-73b8-11ed-ba7b-84fdd1f90de3
PEACHY,3,0,0,0,0,0,0,0,0,0,0,0,0,0,0,0,0,0,3,17,1,5,3,3545f672-73b8-11ed-ba7b-84fdd1f90de3
POLICE OFFICER #2,0,0,0,0,0,0,0,0,0,0,0,0,0,0,0,0,0,3,3,17,1,5,3,3545f708-73b8-11ed-ba7b-84fdd1f90de3
GSG-9 SOLDIER,0,0,0,0,0,3,0,0,0,0,0,0,0,0,0,0,0,0,3,16,1,5,3,3545f7a3-73b8-11ed-ba7b-84fdd1f90de3
MOTHER,0,0,0,0,0,0,3,0,0,0,0,0,0,0,0,0,0,0,3,16,1,5,3,3545f83e-73b8-11ed-ba7b-84fdd1f90de3
OAKLAND KID #2,0,0,0,0,3,0,0,0,0,0,0,0,0,0,0,0,0,0,3,16,1,5,3,3545f8d4-73b8-11ed-ba7b-84fdd1f90de3
MADDIE,0,0,0,0,0,0,0,0,0,0,0,0,0,0,0,0,0,3,3,15,1,5,3,3545f96f-73b8-11ed-ba7b-84fdd1f90de3
AGENT GARRETT,0,0,0,0,0,0,0,0,0,0,0,0,0,0,0,3,0,0,3,14,1,4,3,3545fa12-73b8-11ed-ba7b-84fdd1f90de3
CONNIE,0,0,0,0,0,0,3,0,0,0,0,0,0,0,0,0,0,0,3,13,1,4,3,3545faae-73b8-11ed-ba7b-84fdd1f90de3
DORA MILAJE 1,0,0,0,0,3,0,0,0,0,0,0,0,0,0,0,0,0,0,3,13,1,4,3,3545fb43-73b8-11ed-ba7b-84fdd1f90de3
PRATT,0,0,0,0,0,0,0,0,0,0,3,0,0,0,0,0,0,0,3,13,1,4,3,3545fbd5-73b8-11ed-ba7b-84fdd1f90de3
ALPHA GUARD,3,0,0,0,0,0,0,0,0,0,0,0,0,0,0,0,0,0,3,12,1,4,3,3545fc6f-73b8-11ed-ba7b-84fdd1f90de3
ERIN,0,0,0,0,0,0,0,0,0,0,0,0,3,0,0,0,0,0,3,12,1,4,3,3545fd06-73b8-11ed-ba7b-84fdd1f90de3
COM TECH #2,0,0,0,0,0,0,0,3,0,0,0,0,0,0,0,0,0,0,3,11,1,3,3,3545fd9c-73b8-11ed-ba7b-84fdd1f90de3
YOUNG BOY,0,0,0,0,0,0,3,0,0,0,0,0,0,0,0,0,0,0,3,11,1,3,3,3545fe93-73b8-11ed-ba7b-84fdd1f90de3
ACCUSER,0,0,0,0,0,0,0,0,3,0,0,0,0,0,0,0,0,0,3,10,1,3,3,3545ff36-73b8-11ed-ba7b-84fdd1f90de3
SALLY AVRIL,0,0,0,0,0,0,0,0,0,0,0,0,0,3,0,0,0,0,3,9,1,3,3,3545ffcf-73b8-11ed-ba7b-84fdd1f90de3
SHIELD AGENT #2,0,0,0,0,0,0,0,3,0,0,0,0,0,0,0,0,0,0,3,7,1,2,3,3546006d-73b8-11ed-ba7b-84fdd1f90de3
"BRIAN ""TINY"" MCKEEVER",0,0,0,0,0,0,0,0,0,0,0,0,0,3,0,0,0,0,3,6,1,2,3,35460121-73b8-11ed-ba7b-84fdd1f90de3
PA,0,0,0,0,0,0,0,0,0,0,0,3,0,0,0,0,0,0,3,6,1,2,3,354601ba-73b8-11ed-ba7b-84fdd1f90de3
SOOTHING VOICE,0,0,0,0,0,0,0,0,0,0,0,0,0,0,0,0,2,0,2,150,1,75,2,3546025a-73b8-11ed-ba7b-84fdd1f90de3
DODGERS ANNOUNCER,0,0,0,0,0,0,2,0,0,0,0,0,0,0,0,0,0,0,2,145,1,72,2,354602f2-73b8-11ed-ba7b-84fdd1f90de3
ZEMO'S WIFE,0,0,0,0,0,2,0,0,0,0,0,0,0,0,0,0,0,0,2,48,1,24,2,3546038c-73b8-11ed-ba7b-84fdd1f90de3
NEWS ANCHOR #1,0,0,0,0,0,2,0,0,0,0,0,0,0,0,0,0,0,0,2,46,1,23,2,35460423-73b8-11ed-ba7b-84fdd1f90de3
POLICE SERGEANT,0,0,0,0,0,0,0,0,0,0,0,0,0,0,2,0,0,0,2,46,1,23,2,354604c3-73b8-11ed-ba7b-84fdd1f90de3
SCUDDER,0,0,0,0,0,0,0,2,0,0,0,0,0,0,0,0,0,0,2,39,1,19,2,3546055e-73b8-11ed-ba7b-84fdd1f90de3
AKIHIKO,0,0,2,0,0,0,0,0,0,0,0,0,0,0,0,0,0,0,2,33,1,16,2,354605f3-73b8-11ed-ba7b-84fdd1f90de3
CARRIER BRIDGE TECH 1,0,0,0,0,0,0,0,0,0,0,0,0,0,0,2,0,0,0,2,30,1,15,2,354606a7-73b8-11ed-ba7b-84fdd1f90de3
GEORGES BATROC,0,0,0,0,0,0,0,2,0,0,0,0,0,0,0,0,0,0,2,29,1,14,2,35460743-73b8-11ed-ba7b-84fdd1f90de3
EMCEE,0,0,0,0,0,0,0,0,0,0,0,0,2,0,0,0,0,0,2,27,1,13,2,354607d9-73b8-11ed-ba7b-84fdd1f90de3
RONIN,0,0,2,0,0,0,0,0,0,0,0,0,0,0,0,0,0,0,2,25,1,12,2,35460877-73b8-11ed-ba7b-84fdd1f90de3
REPORTER #2,0,0,0,0,0,0,0,0,0,0,2,0,0,0,0,0,0,0,2,24,1,12,2,35460926-73b8-11ed-ba7b-84fdd1f90de3
COUNCILWOMAN HAWLEY,0,0,0,0,0,0,0,2,0,0,0,0,0,0,0,0,0,0,2,23,1,11,2,354609c1-73b8-11ed-ba7b-84fdd1f90de3
JABARI WARRIORS,0,0,0,2,0,0,0,0,0,0,0,0,0,0,0,0,0,0,2,23,1,11,2,35460a59-73b8-11ed-ba7b-84fdd1f90de3
NEWS READER,0,0,0,0,0,0,0,0,0,0,0,2,0,0,0,0,0,0,2,23,1,11,2,35460b0f-73b8-11ed-ba7b-84fdd1f90de3
EDWIN JARVIS,0,0,2,0,0,0,0,0,0,0,0,0,0,0,0,0,0,0,2,22,1,11,2,35460d9b-73b8-11ed-ba7b-84fdd1f90de3
YOUNG T' CHAKA,0,0,0,0,2,0,0,0,0,0,0,0,0,0,0,0,0,0,2,21,1,10,2,35460f6b-73b8-11ed-ba7b-84fdd1f90de3
ARMY HECKLER#1,0,0,0,0,0,0,2,0,0,0,0,0,0,0,0,0,0,0,2,19,1,9,2,354610a5-73b8-11ed-ba7b-84fdd1f90de3
CONTROL,0,0,0,0,0,0,0,0,0,0,0,0,0,0,0,0,0,2,2,19,1,9,2,354611c8-73b8-11ed-ba7b-84fdd1f90de3
MERCHANT TRIBE ELDER,0,0,0,0,2,0,0,0,0,0,0,0,0,0,0,0,0,0,2,19,1,9,2,354612bd-73b8-11ed-ba7b-84fdd1f90de3
WORKER,0,0,0,0,0,0,0,0,0,0,0,0,0,2,0,0,0,0,2,19,1,9,2,354613a8-73b8-11ed-ba7b-84fdd1f90de3
SHIELD WORKER,0,0,0,0,0,0,0,0,0,0,0,0,0,0,2,0,0,0,2,18,1,9,2,3546167e-73b8-11ed-ba7b-84fdd1f90de3
WOMAN ON PA,0,0,0,0,0,0,0,2,0,0,0,0,0,0,0,0,0,0,2,18,1,9,2,354617a8-73b8-11ed-ba7b-84fdd1f90de3
BORDER TRIBE ELDER,0,0,0,0,2,0,0,0,0,0,0,0,0,0,0,0,0,0,2,17,1,8,2,3546189b-73b8-11ed-ba7b-84fdd1f90de3
ANTON VANKO,0,0,0,0,0,0,0,0,0,0,0,2,0,0,0,0,0,0,2,16,1,8,2,3546199e-73b8-11ed-ba7b-84fdd1f90de3
CARINA,0,0,0,0,0,0,0,0,0,0,0,0,0,0,0,0,0,2,2,16,1,8,2,35461a78-73b8-11ed-ba7b-84fdd1f90de3
JET PILOT,0,0,0,0,0,0,0,0,0,0,0,0,0,0,2,0,0,0,2,16,1,8,2,35461b14-73b8-11ed-ba7b-84fdd1f90de3
COMPUTER VOICE,0,0,0,0,0,0,0,0,0,0,0,0,2,0,0,0,0,0,2,15,1,7,2,35461bb4-73b8-11ed-ba7b-84fdd1f90de3
EINHERJAR LIEUTENANT,0,0,0,0,0,0,0,0,0,0,0,0,0,0,0,0,0,2,2,15,1,7,2,35461c49-73b8-11ed-ba7b-84fdd1f90de3
MAN ON PA,0,0,0,0,0,0,0,2,0,0,0,0,0,0,0,0,0,0,2,15,1,7,2,35461cdb-73b8-11ed-ba7b-84fdd1f90de3
MERCENARY #1,0,0,0,0,0,2,0,0,0,0,0,0,0,0,0,0,0,0,2,15,1,7,2,35461d6f-73b8-11ed-ba7b-84fdd1f90de3
OBLO,0,0,0,0,0,0,0,0,0,2,0,0,0,0,0,0,0,0,2,15,1,7,2,35461e0f-73b8-11ed-ba7b-84fdd1f90de3
STREET VENDOR,0,0,0,0,0,0,0,0,0,0,0,0,0,2,0,0,0,0,2,14,1,7,2,35461ea6-73b8-11ed-ba7b-84fdd1f90de3
COLLEGE GIRL 1,0,0,0,0,0,0,0,0,0,0,0,0,0,0,0,0,2,0,2,13,1,6,2,35461f39-73b8-11ed-ba7b-84fdd1f90de3
SECURITY OFFICER,0,0,0,0,0,0,0,0,2,0,0,0,0,0,0,0,0,0,2,13,1,6,2,35461fd7-73b8-11ed-ba7b-84fdd1f90de3
STARK’S ENGINEER,0,0,0,0,0,0,2,0,0,0,0,0,0,0,0,0,0,0,2,13,1,6,2,3546206e-73b8-11ed-ba7b-84fdd1f90de3
YOUNG COP,0,0,0,0,0,0,0,0,0,0,0,0,0,0,2,0,0,0,2,13,1,6,2,35462103-73b8-11ed-ba7b-84fdd1f90de3
COUNCILMAN YEN,0,0,0,0,0,0,0,2,0,0,0,0,0,0,0,0,0,0,2,12,1,6,2,354621bb-73b8-11ed-ba7b-84fdd1f90de3
GUARDS,0,0,0,0,0,0,0,0,0,0,0,0,0,0,0,0,0,2,2,12,1,6,2,35462258-73b8-11ed-ba7b-84fdd1f90de3
IAN,0,0,0,0,0,0,0,0,0,0,0,0,0,0,0,0,0,2,2,12,1,6,2,35462316-73b8-11ed-ba7b-84fdd1f90de3
PARK RANGER,0,0,0,0,0,0,0,0,0,0,0,0,0,2,0,0,0,0,2,12,1,6,2,354623b2-73b8-11ed-ba7b-84fdd1f90de3
PARTY GUEST,0,1,0,0,0,0,0,0,0,0,0,0,1,0,0,0,0,0,2,11,2,5,1,35462452-73b8-11ed-ba7b-84fdd1f90de3
CAR JACKER,0,0,0,0,0,0,0,0,0,0,0,0,0,2,0,0,0,0,2,11,1,5,2,354624e9-73b8-11ed-ba7b-84fdd1f90de3
FEMALE CARRIER BRIDGE TECH,0,0,0,0,0,0,0,0,0,0,0,0,0,0,2,0,0,0,2,11,1,5,2,3546257e-73b8-11ed-ba7b-84fdd1f90de3
GERMAN OLD MAN,0,0,0,0,0,0,0,0,0,0,0,0,0,0,2,0,0,0,2,11,1,5,2,35462614-73b8-11ed-ba7b-84fdd1f90de3
GOVERNMENT OFFICIAL #2,0,0,0,0,0,0,0,0,0,0,0,0,2,0,0,0,0,0,2,11,1,5,2,354626a7-73b8-11ed-ba7b-84fdd1f90de3
GUARD #1,0,0,0,0,0,0,0,0,0,0,0,0,2,0,0,0,0,0,2,11,1,5,2,35462753-73b8-11ed-ba7b-84fdd1f90de3
LIMBANI,0,0,0,0,2,0,0,0,0,0,0,0,0,0,0,0,0,0,2,11,1,5,2,354627e9-73b8-11ed-ba7b-84fdd1f90de3
SCANNER,0,0,0,0,0,0,0,0,2,0,0,0,0,0,0,0,0,0,2,11,1,5,2,354628ba-73b8-11ed-ba7b-84fdd1f90de3
SCIENTIST #1,0,0,0,0,0,0,0,2,0,0,0,0,0,0,0,0,0,0,2,11,1,5,2,35462956-73b8-11ed-ba7b-84fdd1f90de3
UN STAFFER,0,0,0,0,0,2,0,0,0,0,0,0,0,0,0,0,0,0,2,11,1,5,2,354629ef-73b8-11ed-ba7b-84fdd1f90de3
WARDEN,0,0,0,0,0,0,0,0,0,0,0,0,0,0,0,0,2,0,2,11,1,5,2,35462a8b-73b8-11ed-ba7b-84fdd1f90de3
BITCHING-BETTY,0,0,0,0,0,0,0,0,0,0,2,0,0,0,0,0,0,0,2,10,1,5,2,35462b25-73b8-11ed-ba7b-84fdd1f90de3
FRIGHTENED PILOT,0,0,0,0,0,0,0,0,0,2,0,0,0,0,0,0,0,0,2,10,1,5,2,35462bb7-73b8-11ed-ba7b-84fdd1f90de3
HISTORY TEACHER,0,0,0,0,0,0,0,0,0,0,0,0,0,2,0,0,0,0,2,10,1,5,2,35462c4b-73b8-11ed-ba7b-84fdd1f90de3
LINDA,0,0,0,0,2,0,0,0,0,0,0,0,0,0,0,0,0,0,2,10,1,5,2,35462cf0-73b8-11ed-ba7b-84fdd1f90de3
MARTINEX,0,0,0,0,0,0,0,0,0,2,0,0,0,0,0,0,0,0,2,10,1,5,2,35462d87-73b8-11ed-ba7b-84fdd1f90de3
MILITANT LEADER,0,0,0,0,2,0,0,0,0,0,0,0,0,0,0,0,0,0,2,10,1,5,2,35462e39-73b8-11ed-ba7b-84fdd1f90de3
YOUNG BLACK KID,0,0,0,0,2,0,0,0,0,0,0,0,0,0,0,0,0,0,2,10,1,5,2,35462edc-73b8-11ed-ba7b-84fdd1f90de3
ALETA,0,0,0,0,0,0,0,0,0,2,0,0,0,0,0,0,0,0,2,9,1,4,2,35462f73-73b8-11ed-ba7b-84fdd1f90de3
AYO,0,0,0,0,2,0,0,0,0,0,0,0,0,0,0,0,0,0,2,9,1,4,2,3546300c-73b8-11ed-ba7b-84fdd1f90de3
COLLEGE GIRL 2,0,0,0,0,0,0,0,0,0,0,0,0,0,0,0,0,2,0,2,9,1,4,2,354630ab-73b8-11ed-ba7b-84fdd1f90de3
COUSIN CARLO,0,0,0,0,0,0,0,0,0,0,0,0,0,0,0,0,2,0,2,9,1,4,2,3546315a-73b8-11ed-ba7b-84fdd1f90de3
DODC AGENT,0,0,0,0,0,0,0,0,0,0,0,0,0,2,0,0,0,0,2,9,1,4,2,3546320a-73b8-11ed-ba7b-84fdd1f90de3
ELDERLY WOMAN,0,0,0,0,2,0,0,0,0,0,0,0,0,0,0,0,0,0,2,9,1,4,2,354632aa-73b8-11ed-ba7b-84fdd1f90de3
MARJORIE,0,0,0,0,0,0,0,0,0,0,0,0,0,2,0,0,0,0,2,9,1,4,2,3546334f-73b8-11ed-ba7b-84fdd1f90de3
OFFICER #2,0,0,0,0,0,0,0,0,0,0,0,0,2,0,0,0,0,0,2,9,1,4,2,354633f5-73b8-11ed-ba7b-84fdd1f90de3
PEPPER'S ASSISTANT,0,0,0,0,0,0,0,0,0,0,0,0,2,0,0,0,0,0,2,9,1,4,2,354634ce-73b8-11ed-ba7b-84fdd1f90de3
A1 NATASHA,0,0,2,0,0,0,0,0,0,0,0,0,0,0,0,0,0,0,2,8,1,4,2,3546359d-73b8-11ed-ba7b-84fdd1f90de3
BARTENDER,0,0,0,0,0,0,0,0,2,0,0,0,0,0,0,0,0,0,2,8,1,4,2,35463643-73b8-11ed-ba7b-84fdd1f90de3
HIDEOUS RABBIT,1,0,0,0,0,0,0,0,0,0,0,0,0,0,0,0,0,0,2,8,1,4,2,354636d9-73b8-11ed-ba7b-84fdd1f90de3
HYDRA DISPATCH,0,0,0,0,0,0,0,2,0,0,0,0,0,0,0,0,0,0,2,8,1,4,2,35463771-73b8-11ed-ba7b-84fdd1f90de3
JAN,0,0,0,0,0,0,2,0,0,0,0,0,0,0,0,0,0,0,2,8,1,4,2,35463807-73b8-11ed-ba7b-84fdd1f90de3
PYM TECH SECURITY GUARD,2,0,0,0,0,0,0,0,0,0,0,0,0,0,0,0,0,0,2,8,1,4,2,3546389a-73b8-11ed-ba7b-84fdd1f90de3
TECH,0,0,0,0,0,0,0,0,0,0,0,0,0,2,0,0,0,0,2,8,1,4,2,3546392f-73b8-11ed-ba7b-84fdd1f90de3
SOLDIERS,0,1,0,0,0,0,1,0,0,0,0,0,0,0,0,0,0,0,2,7,2,3,1,354639ff-73b8-11ed-ba7b-84fdd1f90de3
FBI AGENT 1,0,0,0,0,0,0,0,0,0,0,0,0,0,2,0,0,0,0,2,7,1,3,2,35463aa8-73b8-11ed-ba7b-84fdd1f90de3
REPORTER # 1,0,0,0,0,0,0,0,0,0,0,2,0,0,0,0,0,0,0,2,7,1,3,2,35463b57-73b8-11ed-ba7b-84fdd1f90de3
THAI WAITER,0,0,0,0,0,0,0,0,0,0,0,0,0,2,0,0,0,0,2,7,1,3,2,35463bfd-73b8-11ed-ba7b-84fdd1f90de3
VANESSA,0,0,0,0,0,0,0,0,0,0,0,0,2,0,0,0,0,0,2,7,1,3,2,35463c9b-73b8-11ed-ba7b-84fdd1f90de3
WOMAN ON TRAIN,0,0,0,0,0,0,0,0,0,0,0,0,0,0,0,0,0,2,2,7,1,3,2,35463d33-73b8-11ed-ba7b-84fdd1f90de3
A1 HULK,0,0,2,0,0,0,0,0,0,0,0,0,0,0,0,0,0,0,2,6,1,3,2,35463dcb-73b8-11ed-ba7b-84fdd1f90de3
CHARLIE-27,0,0,0,0,0,0,0,0,0,2,0,0,0,0,0,0,0,0,2,6,1,3,2,35463e6a-73b8-11ed-ba7b-84fdd1f90de3
DELI CLERK,0,0,0,0,0,0,0,0,0,0,0,0,0,2,0,0,0,0,2,6,1,3,2,35463f04-73b8-11ed-ba7b-84fdd1f90de3
FEMALE NURSE,0,0,0,0,0,0,0,2,0,0,0,0,0,0,0,0,0,0,2,6,1,3,2,35463f9c-73b8-11ed-ba7b-84fdd1f90de3
HEATHER,0,0,0,0,0,0,0,0,0,0,0,0,2,0,0,0,0,0,2,6,1,3,2,3546403b-73b8-11ed-ba7b-84fdd1f90de3
HYDRA LIEUTENANT,0,0,0,0,0,0,2,0,0,0,0,0,0,0,0,0,0,0,2,6,1,3,2,354640de-73b8-11ed-ba7b-84fdd1f90de3
MAIDEN,0,0,2,0,0,0,0,0,0,0,0,0,0,0,0,0,0,0,2,6,1,3,2,35464174-73b8-11ed-ba7b-84fdd1f90de3
SKRULL TECH,0,0,0,0,0,0,0,0,2,0,0,0,0,0,0,0,0,0,2,6,1,3,2,35464208-73b8-11ed-ba7b-84fdd1f90de3
STUDENTS,0,0,0,0,0,0,0,0,0,0,0,0,0,2,0,0,0,0,2,6,1,3,2,354642a4-73b8-11ed-ba7b-84fdd1f90de3
BOTH,0,0,0,0,0,0,0,0,0,0,0,0,2,0,0,0,0,0,2,5,1,2,2,35464339-73b8-11ed-ba7b-84fdd1f90de3
CUSTODIAN,0,0,0,0,0,2,0,0,0,0,0,0,0,0,0,0,0,0,2,5,1,2,2,354643cf-73b8-11ed-ba7b-84fdd1f90de3
KLAUE'S MERCENARY,0,2,0,0,0,0,0,0,0,0,0,0,0,0,0,0,0,0,2,5,1,2,2,35464467-73b8-11ed-ba7b-84fdd1f90de3
NAVID,0,0,0,0,0,0,0,0,0,0,0,0,0,0,0,0,0,2,2,5,1,2,2,354644fc-73b8-11ed-ba7b-84fdd1f90de3
YOUNG DOCTOR,0,0,0,0,0,0,2,0,0,0,0,0,0,0,0,0,0,0,2,5,1,2,2,35464598-73b8-11ed-ba7b-84fdd1f90de3
BUCKY,0,0,0,0,2,0,0,0,0,0,0,0,0,0,0,0,0,0,2,4,1,2,2,35464652-73b8-11ed-ba7b-84fdd1f90de3
SKRULL,0,0,0,0,0,0,0,0,2,0,0,0,0,0,0,0,0,0,2,4,1,2,2,35464703-73b8-11ed-ba7b-84fdd1f90de3
DECATHLON TEAM,0,0,0,0,0,0,0,0,0,0,0,0,0,1,0,0,0,0,2,2,1,1,2,354647b4-73b8-11ed-ba7b-84fdd1f90de3
HAPPY'S NURSE,0,0,0,0,0,0,0,0,0,0,0,0,2,0,0,0,0,0,2,2,1,1,2,35464b33-73b8-11ed-ba7b-84fdd1f90de3
TV REPORTER’S VOICE,0,0,0,0,0,0,0,0,0,0,1,0,0,0,0,0,0,0,1,235,1,235,1,35464bee-73b8-11ed-ba7b-84fdd1f90de3
NARRATOR,0,0,0,0,0,0,0,0,0,0,1,0,0,0,0,0,0,0,1,197,1,197,1,35464c84-73b8-11ed-ba7b-84fdd1f90de3
VIDEO VOICE OVER,1,0,0,0,0,0,0,0,0,0,0,0,0,0,0,0,0,0,1,115,1,115,1,35464d18-73b8-11ed-ba7b-84fdd1f90de3
BBC ANCHOR,0,0,0,0,1,0,0,0,0,0,0,0,0,0,0,0,0,0,1,89,1,89,1,35464df3-73b8-11ed-ba7b-84fdd1f90de3
STONEHENGE TV NEWS REPORTER,0,0,0,0,0,0,0,0,0,0,0,0,0,0,0,0,0,1,1,73,1,73,1,35464e8d-73b8-11ed-ba7b-84fdd1f90de3
ACTOR ODIN,0,0,0,0,0,0,0,0,0,0,0,0,0,0,0,0,1,0,1,69,1,69,1,35464f25-73b8-11ed-ba7b-84fdd1f90de3
MAC GARGAN,0,0,0,0,0,0,0,0,0,0,0,0,0,1,0,0,0,0,1,68,1,68,1,35464fc1-73b8-11ed-ba7b-84fdd1f90de3
ASGARDIAN PA,0,0,0,1,0,0,0,0,0,0,0,0,0,0,0,0,0,0,1,67,1,67,1,35465059-73b8-11ed-ba7b-84fdd1f90de3
THOR/SELVIG,0,0,0,0,0,0,0,0,0,0,0,0,0,0,0,1,0,0,1,55,1,55,1,354650ed-73b8-11ed-ba7b-84fdd1f90de3
HOSPITAL NEWS REPORTER,0,0,0,0,0,0,0,0,0,0,0,0,1,0,0,0,0,0,1,41,1,41,1,3546518f-73b8-11ed-ba7b-84fdd1f90de3
LIBRARIAN,0,0,0,0,0,0,0,0,0,0,0,0,0,0,0,1,0,0,1,35,1,35,1,35465229-73b8-11ed-ba7b-84fdd1f90de3
MAN ON THE RADIO,0,0,0,0,0,0,1,0,0,0,0,0,0,0,0,0,0,0,1,34,1,34,1,354652be-73b8-11ed-ba7b-84fdd1f90de3
WAITRESS,0,0,0,0,0,0,0,0,0,0,0,0,0,0,1,0,0,0,1,31,1,31,1,3546534e-73b8-11ed-ba7b-84fdd1f90de3
JOAN RIVERS,0,0,0,0,0,0,0,0,0,0,0,0,1,0,0,0,0,0,1,28,1,28,1,354653eb-73b8-11ed-ba7b-84fdd1f90de3
VERS' BROTHER,0,0,0,0,0,0,0,0,1,0,0,0,0,0,0,0,0,0,1,26,1,26,1,3546547f-73b8-11ed-ba7b-84fdd1f90de3
MALE REPORTER,0,0,0,0,0,0,0,0,0,0,0,0,0,0,1,0,0,0,1,24,1,24,1,35465511-73b8-11ed-ba7b-84fdd1f90de3
THE SENATOR,0,0,0,0,0,0,0,0,0,0,0,0,0,0,1,0,0,0,1,24,1,24,1,354655b1-73b8-11ed-ba7b-84fdd1f90de3
STARK'S ASSISTANT,0,0,0,0,0,1,0,0,0,0,0,0,0,0,0,0,0,0,1,23,1,23,1,3546566a-73b8-11ed-ba7b-84fdd1f90de3
LOKI/STEVE,0,0,1,0,0,0,0,0,0,0,0,0,0,0,0,0,0,0,1,22,1,22,1,35465711-73b8-11ed-ba7b-84fdd1f90de3
MR. COBBWELL,0,0,0,0,0,0,0,0,0,0,0,0,0,1,0,0,0,0,1,22,1,22,1,354657a6-73b8-11ed-ba7b-84fdd1f90de3
CULL OBSIDIAN,0,0,0,1,0,0,0,0,0,0,0,0,0,0,0,0,0,0,1,21,1,21,1,35465841-73b8-11ed-ba7b-84fdd1f90de3
NEWS ANCHOR #2,0,0,0,0,0,1,0,0,0,0,0,0,0,0,0,0,0,0,1,21,1,21,1,354658ec-73b8-11ed-ba7b-84fdd1f90de3
NEWS ANCHOR #5,0,0,0,0,0,1,0,0,0,0,0,0,0,0,0,0,0,0,1,21,1,21,1,354659ab-73b8-11ed-ba7b-84fdd1f90de3
BILL MAHER,0,0,0,0,0,0,0,0,0,0,0,0,1,0,0,0,0,0,1,20,1,20,1,35465a4d-73b8-11ed-ba7b-84fdd1f90de3
BOR,0,0,0,0,0,0,0,0,0,0,0,0,0,0,0,0,0,1,1,20,1,20,1,35465ae0-73b8-11ed-ba7b-84fdd1f90de3
CRAMER,0,0,0,0,0,0,0,0,0,0,1,0,0,0,0,0,0,0,1,19,1,19,1,35465b74-73b8-11ed-ba7b-84fdd1f90de3
FRENCH AMBASSADOR,0,0,0,0,1,0,0,0,0,0,0,0,0,0,0,0,0,0,1,19,1,19,1,35465c0b-73b8-11ed-ba7b-84fdd1f90de3
CHAD DAVIS,0,0,0,0,0,0,0,0,0,0,0,0,1,0,0,0,0,0,1,18,1,18,1,35465cbf-73b8-11ed-ba7b-84fdd1f90de3
EXPO ANNOUNCER,0,0,0,0,0,0,1,0,0,0,0,0,0,0,0,0,0,0,1,17,1,17,1,35465d62-73b8-11ed-ba7b-84fdd1f90de3
PRIEST,0,0,0,0,0,1,0,0,0,0,0,0,0,0,0,0,0,0,1,17,1,17,1,35465dfa-73b8-11ed-ba7b-84fdd1f90de3
ASGARDIAN NURSE,0,0,0,0,0,0,0,0,0,0,0,0,0,0,0,0,0,1,1,16,1,16,1,35465fe2-73b8-11ed-ba7b-84fdd1f90de3
ATTACHE,0,0,0,0,0,1,0,0,0,0,0,0,0,0,0,0,0,0,1,16,1,16,1,35466097-73b8-11ed-ba7b-84fdd1f90de3
BAILIFF,0,0,0,0,0,0,0,1,0,0,0,0,0,0,0,0,0,0,1,16,1,16,1,3546612b-73b8-11ed-ba7b-84fdd1f90de3
LITTLE BOY,0,0,0,0,0,0,0,0,0,0,0,0,1,0,0,0,0,0,1,16,1,16,1,354661c4-73b8-11ed-ba7b-84fdd1f90de3
NEWS ANCHOR #3,0,0,0,0,0,1,0,0,0,0,0,0,0,0,0,0,0,0,1,16,1,16,1,35466257-73b8-11ed-ba7b-84fdd1f90de3
MALE CITIZEN,0,0,0,0,0,0,0,0,0,0,0,0,0,0,1,0,0,0,1,15,1,15,1,354662e8-73b8-11ed-ba7b-84fdd1f90de3
NIGERIAN MILITANT #2,0,0,0,0,1,0,0,0,0,0,0,0,0,0,0,0,0,0,1,15,1,15,1,35466379-73b8-11ed-ba7b-84fdd1f90de3
NEWS REPORTER #1,0,0,0,0,0,0,0,0,0,0,0,0,1,0,0,0,0,0,1,14,1,14,1,3546642d-73b8-11ed-ba7b-84fdd1f90de3
TAXI DRIVER,0,0,0,0,0,0,1,0,0,0,0,0,0,0,0,0,0,0,1,14,1,14,1,354664c6-73b8-11ed-ba7b-84fdd1f90de3
CREW,0,0,0,0,0,0,0,0,0,0,0,0,1,0,0,0,0,0,1,13,1,13,1,35466558-73b8-11ed-ba7b-84fdd1f90de3
OFFICER FITZGIBBON,0,0,0,0,0,0,0,0,0,1,0,0,0,0,0,0,0,0,1,13,1,13,1,354665f2-73b8-11ed-ba7b-84fdd1f90de3
SHIELD PILOT,0,0,0,0,0,0,0,1,0,0,0,0,0,0,0,0,0,0,1,13,1,13,1,35466687-73b8-11ed-ba7b-84fdd1f90de3
A1 CLINT BARTON,0,0,1,0,0,0,0,0,0,0,0,0,0,0,0,0,0,0,1,12,1,12,1,3546671a-73b8-11ed-ba7b-84fdd1f90de3
BIKER,0,0,0,0,0,0,0,0,1,0,0,0,0,0,0,0,0,0,1,12,1,12,1,354667be-73b8-11ed-ba7b-84fdd1f90de3
CADETS,0,0,0,0,0,0,0,0,1,0,0,0,0,0,0,0,0,0,1,12,1,12,1,35466854-73b8-11ed-ba7b-84fdd1f90de3
MAN ON PA #1,0,0,0,0,0,1,0,0,0,0,0,0,0,0,0,0,0,0,1,12,1,12,1,354668e8-73b8-11ed-ba7b-84fdd1f90de3
MAN ON SPEAKERS,0,0,0,0,0,1,0,0,0,0,0,0,0,0,0,0,0,0,1,12,1,12,1,3546697b-73b8-11ed-ba7b-84fdd1f90de3
NOVAR,0,0,0,0,0,0,0,0,0,0,0,0,0,0,1,0,0,0,1,12,1,12,1,35466a12-73b8-11ed-ba7b-84fdd1f90de3
POLICE RADIO,1,0,0,0,0,0,0,0,0,0,0,0,0,0,0,0,0,0,1,12,1,12,1,35467873-73b8-11ed-ba7b-84fdd1f90de3
PUSHY TABLOID REPORTER,0,0,0,0,0,0,0,0,0,0,0,0,1,0,0,0,0,0,1,12,1,12,1,354679b7-73b8-11ed-ba7b-84fdd1f90de3
AGENT JACKSON,0,0,0,0,0,0,0,0,0,0,0,0,0,0,0,1,0,0,1,11,1,11,1,35467ac8-73b8-11ed-ba7b-84fdd1f90de3
JOSEPH DANVERS,0,0,0,0,0,0,0,0,1,0,0,0,0,0,0,0,0,0,1,11,1,11,1,35467b6c-73b8-11ed-ba7b-84fdd1f90de3
MAN ON PA #2,0,0,0,0,0,1,0,0,0,0,0,0,0,0,0,0,0,0,1,11,1,11,1,35467bff-73b8-11ed-ba7b-84fdd1f90de3
NEWS REPORTER #4,0,0,0,0,0,0,0,0,0,0,0,0,1,0,0,0,0,0,1,11,1,11,1,35467c8f-73b8-11ed-ba7b-84fdd1f90de3
BRAHL,0,0,0,0,0,0,0,0,0,1,0,0,0,0,0,0,0,0,1,10,1,10,1,35467d23-73b8-11ed-ba7b-84fdd1f90de3
COP ON SPEAKER,1,0,0,0,0,0,0,0,0,0,0,0,0,0,0,0,0,0,1,10,1,10,1,35467db4-73b8-11ed-ba7b-84fdd1f90de3
ENLISTMENT GUY,0,0,0,0,0,0,1,0,0,0,0,0,0,0,0,0,0,0,1,10,1,10,1,35467e45-73b8-11ed-ba7b-84fdd1f90de3
FACILITY MANAGER,0,0,0,0,0,0,1,0,0,0,0,0,0,0,0,0,0,0,1,10,1,10,1,35467fa9-73b8-11ed-ba7b-84fdd1f90de3
HUSBAND,0,0,0,0,0,0,0,0,0,0,0,0,0,0,1,0,0,0,1,10,1,10,1,3546805d-73b8-11ed-ba7b-84fdd1f90de3
OLD FOOTAGE RECORDING,0,0,0,0,0,0,0,1,0,0,0,0,0,0,0,0,0,0,1,10,1,10,1,354680f2-73b8-11ed-ba7b-84fdd1f90de3
PET STORE CLERK,0,0,0,0,0,0,0,0,0,0,0,0,0,0,0,1,0,0,1,10,1,10,1,35468192-73b8-11ed-ba7b-84fdd1f90de3
QUINJET PILOT,0,0,0,0,0,0,0,1,0,0,0,0,0,0,0,0,0,0,1,10,1,10,1,35468225-73b8-11ed-ba7b-84fdd1f90de3
SHIELD ENGINEER,0,0,0,0,0,0,0,0,0,0,0,0,0,0,1,0,0,0,1,10,1,10,1,354682ba-73b8-11ed-ba7b-84fdd1f90de3
TYCOON,0,0,0,0,0,0,0,0,0,0,1,0,0,0,0,0,0,0,1,10,1,10,1,35468359-73b8-11ed-ba7b-84fdd1f90de3
WIFE,0,0,0,0,0,0,0,0,0,0,0,0,0,0,1,0,0,0,1,10,1,10,1,354683f0-73b8-11ed-ba7b-84fdd1f90de3
25TH FLOOR STRIKE AGENT,0,0,0,0,0,0,0,1,0,0,0,0,0,0,0,0,0,0,1,9,1,9,1,35468481-73b8-11ed-ba7b-84fdd1f90de3
AVENGERS JIMMY,0,0,1,0,0,0,0,0,0,0,0,0,0,0,0,0,0,0,1,9,1,9,1,35468514-73b8-11ed-ba7b-84fdd1f90de3
BOY,0,0,0,0,0,0,0,0,1,0,0,0,0,0,0,0,0,0,1,9,1,9,1,354685ae-73b8-11ed-ba7b-84fdd1f90de3
CALCUTTA WOMAN,0,0,0,0,0,0,0,0,0,0,0,0,0,0,1,0,0,0,1,9,1,9,1,35468646-73b8-11ed-ba7b-84fdd1f90de3
DOME CONTROL,0,0,0,1,0,0,0,0,0,0,0,0,0,0,0,0,0,0,1,9,1,9,1,354686d9-73b8-11ed-ba7b-84fdd1f90de3
FACELESS PILOT,0,0,0,0,0,0,0,0,0,0,0,0,0,0,1,0,0,0,1,9,1,9,1,35468775-73b8-11ed-ba7b-84fdd1f90de3
GOVERNMENT EMPLOYEE,0,0,0,0,0,0,0,0,0,0,0,0,1,0,0,0,0,0,1,9,1,9,1,35468807-73b8-11ed-ba7b-84fdd1f90de3
TEXT MESSAGE,0,0,0,0,0,0,0,1,0,0,0,0,0,0,0,0,0,0,1,9,1,9,1,35468899-73b8-11ed-ba7b-84fdd1f90de3
ATTENDANT,0,0,0,0,0,0,0,0,0,0,1,0,0,0,0,0,0,0,1,8,1,8,1,3546892a-73b8-11ed-ba7b-84fdd1f90de3
AVENGERS KID,0,0,1,0,0,0,0,0,0,0,0,0,0,0,0,0,0,0,1,8,1,8,1,354689bd-73b8-11ed-ba7b-84fdd1f90de3
COUNCILMAN HAWLEY,0,0,0,0,0,0,0,1,0,0,0,0,0,0,0,0,0,0,1,8,1,8,1,35468a4e-73b8-11ed-ba7b-84fdd1f90de3
HAMMER SECURITY GUARD,0,0,0,0,0,0,0,0,0,0,0,1,0,0,0,0,0,0,1,8,1,8,1,35468ae0-73b8-11ed-ba7b-84fdd1f90de3
ROBBER 4,0,0,0,0,0,0,0,0,0,0,0,0,0,1,0,0,0,0,1,8,1,8,1,35468ba2-73b8-11ed-ba7b-84fdd1f90de3
SOLDIER,0,0,0,0,0,0,0,0,0,0,1,0,0,0,0,0,0,0,1,8,1,8,1,35468c38-73b8-11ed-ba7b-84fdd1f90de3
ANNOUNCEMENT,0,0,0,0,0,0,0,0,0,0,0,1,0,0,0,0,0,0,1,7,1,7,1,35468cf7-73b8-11ed-ba7b-84fdd1f90de3
ASGARDIAN EINHERJAR,0,0,0,0,0,0,0,0,0,0,0,0,0,0,0,0,0,1,1,7,1,7,1,35468d90-73b8-11ed-ba7b-84fdd1f90de3
ASGARDIAN MAN,0,0,0,0,0,0,0,0,0,0,0,0,0,0,0,0,1,0,1,7,1,7,1,35468e26-73b8-11ed-ba7b-84fdd1f90de3
BARKEEPER,0,0,0,0,0,0,1,0,0,0,0,0,0,0,0,0,0,0,1,7,1,7,1,35468eb8-73b8-11ed-ba7b-84fdd1f90de3
DAY SLEEPER,0,0,0,0,0,0,0,0,0,0,0,0,0,1,0,0,0,0,1,7,1,7,1,35468f52-73b8-11ed-ba7b-84fdd1f90de3
EAGER TOWNIE,0,0,0,0,0,0,0,0,0,0,0,0,0,0,0,1,0,0,1,7,1,7,1,3546907e-73b8-11ed-ba7b-84fdd1f90de3
ELECTRONIC VOICE-OVER,0,0,0,0,0,0,0,0,1,0,0,0,0,0,0,0,0,0,1,7,1,7,1,35469129-73b8-11ed-ba7b-84fdd1f90de3
FAMILIES,0,0,0,0,0,0,0,0,0,0,0,0,0,1,0,0,0,0,1,7,1,7,1,354691c6-73b8-11ed-ba7b-84fdd1f90de3
GAMORA'S MOTHER,0,0,0,1,0,0,0,0,0,0,0,0,0,0,0,0,0,0,1,7,1,7,1,35469260-73b8-11ed-ba7b-84fdd1f90de3
HYDRA SOLDIER,0,0,0,0,0,0,1,0,0,0,0,0,0,0,0,0,0,0,1,7,1,7,1,354692f5-73b8-11ed-ba7b-84fdd1f90de3
MR. HAPGOOD,0,0,0,0,0,0,0,0,0,0,0,0,0,1,0,0,0,0,1,7,1,7,1,354693c1-73b8-11ed-ba7b-84fdd1f90de3
OFF SCREEN WORKER,0,0,0,0,0,0,0,0,0,0,0,0,0,0,1,0,0,0,1,7,1,7,1,35469468-73b8-11ed-ba7b-84fdd1f90de3
OLD MAN,0,0,0,0,0,0,0,0,0,0,0,0,0,1,0,0,0,0,1,7,1,7,1,35469503-73b8-11ed-ba7b-84fdd1f90de3
ORDERLY,0,0,0,0,0,0,0,0,0,0,0,0,0,0,0,1,0,0,1,7,1,7,1,3546959e-73b8-11ed-ba7b-84fdd1f90de3
PATIENT,0,0,0,0,0,0,0,0,0,0,0,0,0,0,0,0,0,1,1,7,1,7,1,35469630-73b8-11ed-ba7b-84fdd1f90de3
SCIENTIST,0,0,0,0,0,0,0,0,0,0,0,0,0,0,1,0,0,0,1,7,1,7,1,354696d0-73b8-11ed-ba7b-84fdd1f90de3
VOICEMAIL,0,0,0,0,0,0,0,0,0,0,0,0,0,1,0,0,0,0,1,7,1,7,1,35469766-73b8-11ed-ba7b-84fdd1f90de3
ZRINKA,0,1,0,0,0,0,0,0,0,0,0,0,0,0,0,0,0,0,1,7,1,7,1,354697fb-73b8-11ed-ba7b-84fdd1f90de3
ANTIQUE STORE OWNER,0,0,0,0,0,0,1,0,0,0,0,0,0,0,0,0,0,0,1,6,1,6,1,354698bc-73b8-11ed-ba7b-84fdd1f90de3
DODC CENTRAL,0,0,0,0,0,0,0,0,0,0,0,0,0,1,0,0,0,0,1,6,1,6,1,35469954-73b8-11ed-ba7b-84fdd1f90de3
GOVERNMENT OFFICIAL #1,0,0,0,0,0,0,0,0,0,0,0,0,1,0,0,0,0,0,1,6,1,6,1,354699f1-73b8-11ed-ba7b-84fdd1f90de3
JOTUN SENTRY,0,0,0,0,0,0,0,0,0,0,0,0,0,0,0,1,0,0,1,6,1,6,1,35469a83-73b8-11ed-ba7b-84fdd1f90de3
KID IN THE BACKSEAT,0,0,0,0,0,0,0,0,0,0,1,0,0,0,0,0,0,0,1,6,1,6,1,35469b13-73b8-11ed-ba7b-84fdd1f90de3
KIDS IN USO AUDIENCE,0,0,0,0,0,0,1,0,0,0,0,0,0,0,0,0,0,0,1,6,1,6,1,35469ba5-73b8-11ed-ba7b-84fdd1f90de3
KURSE,0,0,0,0,0,0,0,0,0,0,0,0,0,0,0,0,0,1,1,6,1,6,1,35469c37-73b8-11ed-ba7b-84fdd1f90de3
MANDY,0,0,0,0,0,0,1,0,0,0,0,0,0,0,0,0,0,0,1,6,1,6,1,35469cd4-73b8-11ed-ba7b-84fdd1f90de3
NEWS REPORTER #3,0,0,0,0,0,0,0,0,0,0,0,0,1,0,0,0,0,0,1,6,1,6,1,35469d68-73b8-11ed-ba7b-84fdd1f90de3
REPORTER #3,0,0,0,0,0,0,0,0,0,0,1,0,0,0,0,0,0,0,1,6,1,6,1,35469e1a-73b8-11ed-ba7b-84fdd1f90de3
RESIDENT 1,0,0,0,0,0,0,0,0,0,0,0,0,0,1,0,0,0,0,1,6,1,6,1,35469eb4-73b8-11ed-ba7b-84fdd1f90de3
ROBBER 2,0,0,0,0,0,0,0,0,0,0,0,0,0,1,0,0,0,0,1,6,1,6,1,35469f45-73b8-11ed-ba7b-84fdd1f90de3
SECURITY CHIEF,0,0,0,0,0,1,0,0,0,0,0,0,0,0,0,0,0,0,1,6,1,6,1,35469fdc-73b8-11ed-ba7b-84fdd1f90de3
SMITHSONIAN GUARD,0,0,0,0,0,0,0,1,0,0,0,0,0,0,0,0,0,0,1,6,1,6,1,3546a06e-73b8-11ed-ba7b-84fdd1f90de3
"VERS, BRON-CHAR, KORATH, MINN-ERVA AND ATT-LASS",0,0,0,0,0,0,0,0,1,0,0,0,0,0,0,0,0,0,1,6,1,6,1,3546a133-73b8-11ed-ba7b-84fdd1f90de3
DODC DRIVER,0,0,0,0,0,0,0,0,0,0,0,0,0,1,0,0,0,0,1,5,1,5,1,3546a1f1-73b8-11ed-ba7b-84fdd1f90de3
DRILL INSTRUCTOR,0,0,0,0,0,0,0,0,1,0,0,0,0,0,0,0,0,0,1,5,1,5,1,3546a288-73b8-11ed-ba7b-84fdd1f90de3
FEMALE CITIZEN,0,0,0,0,0,0,0,0,0,0,0,0,0,0,1,0,0,0,1,5,1,5,1,3546a323-73b8-11ed-ba7b-84fdd1f90de3
HELICARRIER INTERCOM,0,0,0,0,0,0,0,0,0,0,0,0,0,0,1,0,0,0,1,5,1,5,1,3546a3b9-73b8-11ed-ba7b-84fdd1f90de3
JOTUN,0,0,0,0,0,0,0,0,0,0,0,0,0,0,0,1,0,0,1,5,1,5,1,3546a469-73b8-11ed-ba7b-84fdd1f90de3
SCRAPPER,0,0,0,0,0,0,0,0,0,0,0,0,0,0,0,0,1,0,1,5,1,5,1,3546a50d-73b8-11ed-ba7b-84fdd1f90de3
SHIELD AGENT #1,0,0,0,0,0,0,0,1,0,0,0,0,0,0,0,0,0,0,1,5,1,5,1,3546a5a8-73b8-11ed-ba7b-84fdd1f90de3
WORLD HUB TECH,0,1,0,0,0,0,0,0,0,0,0,0,0,0,0,0,0,0,1,5,1,5,1,3546a6aa-73b8-11ed-ba7b-84fdd1f90de3
YOUNG SHIELD PILOT,0,0,0,0,0,0,0,0,0,0,0,0,0,0,1,0,0,0,1,5,1,5,1,3546a7b2-73b8-11ed-ba7b-84fdd1f90de3
911 OPERATOR,0,0,0,0,0,0,0,0,0,0,0,0,0,1,0,0,0,0,1,4,1,4,1,3546a8ad-73b8-11ed-ba7b-84fdd1f90de3
ARMY HECKLER#2,0,0,0,0,0,0,1,0,0,0,0,0,0,0,0,0,0,0,1,4,1,4,1,3546a94e-73b8-11ed-ba7b-84fdd1f90de3
ARMY HECKLER#3,0,0,0,0,0,0,1,0,0,0,0,0,0,0,0,0,0,0,1,4,1,4,1,3546a9e3-73b8-11ed-ba7b-84fdd1f90de3
ARMY HECKLER#4,0,0,0,0,0,0,1,0,0,0,0,0,0,0,0,0,0,0,1,4,1,4,1,3546aa8c-73b8-11ed-ba7b-84fdd1f90de3
ASGARDIAN WOMAN,0,0,0,0,0,0,0,0,0,0,0,0,0,0,0,0,1,0,1,4,1,4,1,3546ab6f-73b8-11ed-ba7b-84fdd1f90de3
BORDER TRIBE COMMANDER,0,0,0,0,1,0,0,0,0,0,0,0,0,0,0,0,0,0,1,4,1,4,1,3546ac7a-73b8-11ed-ba7b-84fdd1f90de3
COUNCILMAN 2,0,0,0,0,0,0,0,0,0,0,0,0,0,0,1,0,0,0,1,4,1,4,1,3546ad72-73b8-11ed-ba7b-84fdd1f90de3
FRENCH PIRATE #2,0,0,0,0,0,0,0,1,0,0,0,0,0,0,0,0,0,0,1,4,1,4,1,3546ae68-73b8-11ed-ba7b-84fdd1f90de3
GSG-9 DRIVER,0,0,0,0,0,1,0,0,0,0,0,0,0,0,0,0,0,0,1,4,1,4,1,3546af45-73b8-11ed-ba7b-84fdd1f90de3
JACK ROLLINS,0,0,0,0,0,0,0,1,0,0,0,0,0,0,0,0,0,0,1,4,1,4,1,3546b079-73b8-11ed-ba7b-84fdd1f90de3
JAQUES DERNIER,0,0,0,0,0,0,1,0,0,0,0,0,0,0,0,0,0,0,1,4,1,4,1,3546b196-73b8-11ed-ba7b-84fdd1f90de3
MAINFRAME,0,0,0,0,0,0,0,0,0,1,0,0,0,0,0,0,0,0,1,4,1,4,1,3546b275-73b8-11ed-ba7b-84fdd1f90de3
MAN#1,0,0,0,0,0,0,1,0,0,0,0,0,0,0,0,0,0,0,1,4,1,4,1,3546b317-73b8-11ed-ba7b-84fdd1f90de3
MAN#2,0,0,0,0,0,0,1,0,0,0,0,0,0,0,0,0,0,0,1,4,1,4,1,3546b3af-73b8-11ed-ba7b-84fdd1f90de3
MANDARIN LOOK-OUT,0,0,0,0,0,0,0,0,0,0,0,0,1,0,0,0,0,0,1,4,1,4,1,3546b444-73b8-11ed-ba7b-84fdd1f90de3
NASA SCIENTIST,0,0,0,0,0,0,0,0,0,0,0,0,0,0,1,0,0,0,1,4,1,4,1,3546b503-73b8-11ed-ba7b-84fdd1f90de3
NEWS REPORTER #2,0,0,0,0,0,0,0,0,0,0,0,0,1,0,0,0,0,0,1,4,1,4,1,3546b599-73b8-11ed-ba7b-84fdd1f90de3
PERSON,0,0,0,0,0,0,0,0,0,0,0,1,0,0,0,0,0,0,1,4,1,4,1,3546b845-73b8-11ed-ba7b-84fdd1f90de3
PRETTY MUCH EVERYONE IN THE CROWD,0,0,0,0,0,0,0,0,0,0,0,1,0,0,0,0,0,0,1,4,1,4,1,3546b8fe-73b8-11ed-ba7b-84fdd1f90de3
PYM TECH EMPLOYEE,1,0,0,0,0,0,0,0,0,0,0,0,0,0,0,0,0,0,1,4,1,4,1,3546ba1f-73b8-11ed-ba7b-84fdd1f90de3
RAMIREZ,0,0,0,0,0,0,0,0,0,0,1,0,0,0,0,0,0,0,1,4,1,4,1,3546bae2-73b8-11ed-ba7b-84fdd1f90de3
RANDOM WOMAN,0,0,0,0,0,0,1,0,0,0,0,0,0,0,0,0,0,0,1,4,1,4,1,3546bb78-73b8-11ed-ba7b-84fdd1f90de3
SPANISH TEACHER,0,0,0,0,0,0,0,0,0,0,0,0,0,1,0,0,0,0,1,4,1,4,1,3546bc07-73b8-11ed-ba7b-84fdd1f90de3
SSR DOCTOR,0,0,0,0,0,0,1,0,0,0,0,0,0,0,0,0,0,0,1,4,1,4,1,3546bca2-73b8-11ed-ba7b-84fdd1f90de3
TOURIST,0,0,0,0,0,0,0,0,0,0,0,0,0,1,0,0,0,0,1,4,1,4,1,3546bd36-73b8-11ed-ba7b-84fdd1f90de3
VOICE FROM EARPIECE,0,0,0,0,0,0,1,0,0,0,0,0,0,0,0,0,0,0,1,4,1,4,1,3546bdd8-73b8-11ed-ba7b-84fdd1f90de3
WOMAN IN CROWD,0,0,0,0,0,0,0,0,0,0,0,1,0,0,0,0,0,0,1,4,1,4,1,3546be64-73b8-11ed-ba7b-84fdd1f90de3
CAB DRIVER,1,0,0,0,0,0,0,0,0,0,0,0,0,0,0,0,0,0,1,3,1,3,1,3546befa-73b8-11ed-ba7b-84fdd1f90de3
DRIVER,0,0,0,0,1,0,0,0,0,0,0,0,0,0,0,0,0,0,1,3,1,3,1,3546bf88-73b8-11ed-ba7b-84fdd1f90de3
"ELDERS, WARRIORS, DORA",0,0,0,0,1,0,0,0,0,0,0,0,0,0,0,0,0,0,1,3,1,3,1,3546c016-73b8-11ed-ba7b-84fdd1f90de3
GOLDSTEIN,0,0,0,0,0,0,0,0,0,0,0,1,0,0,0,0,0,0,1,3,1,3,1,3546c0ad-73b8-11ed-ba7b-84fdd1f90de3
GRANDPA QUILL,0,0,0,0,0,0,0,0,0,1,0,0,0,0,0,0,0,0,1,3,1,3,1,3546c13d-73b8-11ed-ba7b-84fdd1f90de3
HALF-NUT,0,0,0,0,0,0,0,0,0,1,0,0,0,0,0,0,0,0,1,3,1,3,1,3546c1cb-73b8-11ed-ba7b-84fdd1f90de3
IRON MAN KID,0,0,0,0,0,0,0,0,0,0,1,0,0,0,0,0,0,0,1,3,1,3,1,3546c25a-73b8-11ed-ba7b-84fdd1f90de3
JASON/BETTY,0,0,0,0,0,0,0,0,0,0,0,0,0,1,0,0,0,0,1,3,1,3,1,3546c2e8-73b8-11ed-ba7b-84fdd1f90de3
KHALID,0,0,0,0,0,0,0,0,0,0,1,0,0,0,0,0,0,0,1,3,1,3,1,3546c3bb-73b8-11ed-ba7b-84fdd1f90de3
MAN IN CROWD,0,0,0,0,0,0,0,0,0,0,0,1,0,0,0,0,0,0,1,3,1,3,1,3546c44d-73b8-11ed-ba7b-84fdd1f90de3
MERCENARY #2,0,0,0,0,0,1,0,0,0,0,0,0,0,0,0,0,0,0,1,3,1,3,1,3546c4e5-73b8-11ed-ba7b-84fdd1f90de3
OLDER MAN,0,0,1,0,0,0,0,0,0,0,0,0,0,0,0,0,0,0,1,3,1,3,1,3546c574-73b8-11ed-ba7b-84fdd1f90de3
PROPRIETOR,0,0,0,0,0,0,0,0,0,1,0,0,0,0,0,0,0,0,1,3,1,3,1,3546c60a-73b8-11ed-ba7b-84fdd1f90de3
RESIDENT 2,0,0,0,0,0,0,0,0,0,0,0,0,0,1,0,0,0,0,1,3,1,3,1,3546c696-73b8-11ed-ba7b-84fdd1f90de3
SECOND GUARD,0,0,0,0,0,0,0,0,0,0,0,1,0,0,0,0,0,0,1,3,1,3,1,3546c724-73b8-11ed-ba7b-84fdd1f90de3
SHIELD AGENT #3,0,0,0,0,0,0,0,1,0,0,0,0,0,0,0,0,0,0,1,3,1,3,1,3546c7b0-73b8-11ed-ba7b-84fdd1f90de3
SOMEONE IN BACKGROUND,0,0,0,0,0,0,0,0,0,0,0,1,0,0,0,0,0,0,1,3,1,3,1,3546c83e-73b8-11ed-ba7b-84fdd1f90de3
USO GIRL,0,0,0,0,0,0,1,0,0,0,0,0,0,0,0,0,0,0,1,3,1,3,1,3546c900-73b8-11ed-ba7b-84fdd1f90de3
WEASELLY THUG,0,0,0,0,0,0,0,0,0,0,0,0,0,0,1,0,0,0,1,3,1,3,1,3546c9b4-73b8-11ed-ba7b-84fdd1f90de3
WEIRD OLD MAN,0,0,0,0,0,0,0,0,0,1,0,0,0,0,0,0,0,0,1,3,1,3,1,3546ca44-73b8-11ed-ba7b-84fdd1f90de3
ACTOR SIF,0,0,0,0,0,0,0,0,0,0,0,0,0,0,0,0,1,0,1,2,1,2,1,3546cad7-73b8-11ed-ba7b-84fdd1f90de3
ASGARDIAN CITIZENS,0,0,0,0,0,0,0,0,0,0,0,0,0,0,0,0,1,0,1,2,1,2,1,3546cb66-73b8-11ed-ba7b-84fdd1f90de3
BORDER TRIBE,0,0,0,0,1,0,0,0,0,0,0,0,0,0,0,0,0,0,1,2,1,2,1,3546cbfb-73b8-11ed-ba7b-84fdd1f90de3
CARGO TRUCK MILITANT,0,0,0,0,1,0,0,0,0,0,0,0,0,0,0,0,0,0,1,2,1,2,1,3546cc91-73b8-11ed-ba7b-84fdd1f90de3
CHEERLEADER,0,0,0,0,0,0,0,0,0,0,0,0,0,1,0,0,0,0,1,2,1,2,1,3546cd1d-73b8-11ed-ba7b-84fdd1f90de3
CIA AGENT,0,0,0,0,1,0,0,0,0,0,0,0,0,0,0,0,0,0,1,2,1,2,1,3546ce38-73b8-11ed-ba7b-84fdd1f90de3
CORPORAL,0,0,0,0,0,0,1,0,0,0,0,0,0,0,0,0,0,0,1,2,1,2,1,3546ced1-73b8-11ed-ba7b-84fdd1f90de3
DOCTOR #1,0,0,0,0,0,0,0,1,0,0,0,0,0,0,0,0,0,0,1,2,1,2,1,3546cf7e-73b8-11ed-ba7b-84fdd1f90de3
ELK RIDGE,0,0,0,0,0,0,0,0,0,0,0,0,1,0,0,0,0,0,1,2,1,2,1,3546d070-73b8-11ed-ba7b-84fdd1f90de3
FBI AGENT 2,0,0,0,0,0,0,0,0,0,0,0,0,0,1,0,0,0,0,1,2,1,2,1,3546d155-73b8-11ed-ba7b-84fdd1f90de3
FRIEND,0,0,0,0,0,0,0,0,0,0,0,0,0,1,0,0,0,0,1,2,1,2,1,3546d255-73b8-11ed-ba7b-84fdd1f90de3
FURY AND MARIA,0,0,0,0,0,0,0,0,1,0,0,0,0,0,0,0,0,0,1,2,1,2,1,3546d32e-73b8-11ed-ba7b-84fdd1f90de3
HYDRA TECHNICIANS,0,0,0,0,0,0,1,0,0,0,0,0,0,0,0,0,0,0,1,2,1,2,1,3546d415-73b8-11ed-ba7b-84fdd1f90de3
JOSEF / SUPER SOLDIER #1,0,0,0,0,0,1,0,0,0,0,0,0,0,0,0,0,0,0,1,2,1,2,1,3546d536-73b8-11ed-ba7b-84fdd1f90de3
JOTUN VOICE,0,0,0,0,0,0,0,0,0,0,0,0,0,0,0,1,0,0,1,2,1,2,1,3546d62f-73b8-11ed-ba7b-84fdd1f90de3
MAINTENANCE GUY,0,0,0,0,0,0,0,0,0,0,0,0,0,0,1,0,0,0,1,2,1,2,1,3546d727-73b8-11ed-ba7b-84fdd1f90de3
MALE VOICE,0,0,0,0,0,0,0,0,0,0,0,0,0,1,0,0,0,0,1,2,1,2,1,3546d81b-73b8-11ed-ba7b-84fdd1f90de3
NIGERIAN WOMAN,0,0,0,0,1,0,0,0,0,0,0,0,0,0,0,0,0,0,1,2,1,2,1,3546d921-73b8-11ed-ba7b-84fdd1f90de3
PEOPLE,0,0,0,0,0,0,0,0,0,0,0,1,0,0,0,0,0,0,1,2,1,2,1,3546da16-73b8-11ed-ba7b-84fdd1f90de3
POOL BBQ DAD,1,0,0,0,0,0,0,0,0,0,0,0,0,0,0,0,0,0,1,2,1,2,1,3546db11-73b8-11ed-ba7b-84fdd1f90de3
PYM TECH GATE GUARD,1,0,0,0,0,0,0,0,0,0,0,0,0,0,0,0,0,0,1,2,1,2,1,3546dc13-73b8-11ed-ba7b-84fdd1f90de3
ROBBER 3,0,0,0,0,0,0,0,0,0,0,0,0,0,1,0,0,0,0,1,2,1,2,1,3546dd0c-73b8-11ed-ba7b-84fdd1f90de3
SCURRILOUS RAVAGER,0,0,0,0,0,0,0,0,0,1,0,0,0,0,0,0,0,0,1,2,1,2,1,3546dda9-73b8-11ed-ba7b-84fdd1f90de3
SOUTH AFRICAN TOUGH,0,0,0,0,1,0,0,0,0,0,0,0,0,0,0,0,0,0,1,2,1,2,1,3546de3b-73b8-11ed-ba7b-84fdd1f90de3
SOVEREIGN PILOT,0,0,0,0,0,0,0,0,0,1,0,0,0,0,0,0,0,0,1,2,1,2,1,3546df1d-73b8-11ed-ba7b-84fdd1f90de3
STRIKE AGENT #2,0,0,0,0,0,0,0,1,0,0,0,0,0,0,0,0,0,0,1,2,1,2,1,3546dfb4-73b8-11ed-ba7b-84fdd1f90de3
TOWNIE,0,0,0,0,0,0,0,0,0,0,0,0,0,0,0,1,0,0,1,2,1,2,1,3546e03f-73b8-11ed-ba7b-84fdd1f90de3
VOLSTAGG / HOGUN,0,0,0,0,0,0,0,0,0,0,0,0,0,0,0,1,0,0,1,2,1,2,1,3546e0d5-73b8-11ed-ba7b-84fdd1f90de3
WAKANDAN CHILD,0,0,0,0,1,0,0,0,0,0,0,0,0,0,0,0,0,0,1,2,1,2,1,3546e222-73b8-11ed-ba7b-84fdd1f90de3
WAKANDAN CHILDREN,0,0,0,0,1,0,0,0,0,0,0,0,0,0,0,0,0,0,1,2,1,2,1,3546e2b6-73b8-11ed-ba7b-84fdd1f90de3
AGENT DELANCEY,0,0,0,0,0,0,0,0,0,0,0,0,0,0,0,1,0,0,1,1,1,1,1,3546e359-73b8-11ed-ba7b-84fdd1f90de3
ANNIE,0,0,0,0,0,0,0,0,0,0,0,0,0,1,0,0,0,0,1,1,1,1,1,3546e3ef-73b8-11ed-ba7b-84fdd1f90de3
BALLET INSTRUCTOR,0,1,0,0,0,0,0,0,0,0,0,0,0,0,0,0,0,0,1,1,1,1,1,3546e481-73b8-11ed-ba7b-84fdd1f90de3
DUBAI BEAUTY #1,0,0,0,0,0,0,0,0,0,0,1,0,0,0,0,0,0,0,1,1,1,1,1,3546e51e-73b8-11ed-ba7b-84fdd1f90de3
DURAND,0,0,0,0,0,0,0,1,0,0,0,0,0,0,0,0,0,0,1,1,1,1,1,3546e5c2-73b8-11ed-ba7b-84fdd1f90de3
HYDRA GUARDS,0,0,0,0,0,0,1,0,0,0,0,0,0,0,0,0,0,0,1,1,1,1,1,3546e67b-73b8-11ed-ba7b-84fdd1f90de3
JACQUES DERNIER,0,0,0,0,0,0,1,0,0,0,0,0,0,0,0,0,0,0,1,1,1,1,1,3546e711-73b8-11ed-ba7b-84fdd1f90de3
LIZ/NED,0,0,0,0,0,0,0,0,0,0,0,0,0,1,0,0,0,0,1,1,1,1,1,3546e7b3-73b8-11ed-ba7b-84fdd1f90de3
MERCENARY,0,0,0,0,0,1,0,0,0,0,0,0,0,0,0,0,0,0,1,1,1,1,1,3546e848-73b8-11ed-ba7b-84fdd1f90de3
MUFFLED VOICE,0,0,1,0,0,0,0,0,0,0,0,0,0,0,0,0,0,0,1,1,1,1,1,3546e8db-73b8-11ed-ba7b-84fdd1f90de3
ROSE HILL CHRISTMAS TREE SHOPPER,0,0,0,0,0,0,0,0,0,0,0,0,1,0,0,0,0,0,1,1,1,1,1,3546e976-73b8-11ed-ba7b-84fdd1f90de3
SHURI/NAKIA,0,0,0,0,1,0,0,0,0,0,0,0,0,0,0,0,0,0,1,1,1,1,1,3546ea0c-73b8-11ed-ba7b-84fdd1f90de3
SOH-LARR,0,0,0,0,0,0,0,0,1,0,0,0,0,0,0,0,0,0,1,1,1,1,1,3546ea9d-73b8-11ed-ba7b-84fdd1f90de3
STRIKE AGENT #1,0,0,0,0,0,0,0,1,0,0,0,0,0,0,0,0,0,0,1,1,1,1,1,3546eb4a-73b8-11ed-ba7b-84fdd1f90de3
STRIKE AGENT #3,0,0,0,0,0,0,0,1,0,0,0,0,0,0,0,0,0,0,1,1,1,1,1,3546ebe8-73b8-11ed-ba7b-84fdd1f90de3
TALL RAVAGER,0,0,0,0,0,0,0,0,0,1,0,0,0,0,0,0,0,0,1,1,1,1,1,3546ec84-73b8-11ed-ba7b-84fdd1f90de3
TENT KIDS,0,0,0,0,0,0,0,0,0,0,0,0,0,1,0,0,0,0,1,1,1,1,1,3546ed13-73b8-11ed-ba7b-84fdd1f90de3
THOMAS RICHARDS,0,0,0,0,0,0,0,0,0,0,0,0,1,0,0,0,0,0,1,1,1,1,1,3546eda5-73b8-11ed-ba7b-84fdd1f90de3
THOR / BANNER,0,0,0,0,0,0,0,0,0,0,0,0,0,0,0,0,1,0,1,1,1,1,1,3546ee57-73b8-11ed-ba7b-84fdd1f90de3
